{
	"__comment": "Made by Mickey Joe Alpha - https://www.Reddit.com/user/MushirMickeyJoe",
	"textures": {
		"particle": "block/acacia_door_top",
		"sides": "block/acacia_door_sides",
		"ends": "block/acacia_door_ends",
		"insides": "block/acacia_door_insides_top"
	},
	"elements": [ 	 
		{
			"from": [ 0, 0, 0 ],
			"to": [ 3, 1, 16 ],
			"faces": {
				"up": { "uv": [ 16, 9, 0, 12 ], "texture": "#ends", "rotation": 270 },
				"north": { "uv": [ 0, 15, 3, 16 ], "texture": "#sides", "cullface": "north" },
				"south": { "uv": [ 3, 15, 6, 16 ], "texture": "#sides", "cullface": "south" },
				"west": { "uv": [ 0, 15, 16, 16 ], "texture": "#particle", "cullface": "west" },
				"east": { "uv": [ 16, 15, 0, 16 ], "texture": "#particle" }
			}
		},
		{
			"from": [ 0, 13, 0 ],
			"to": [ 3, 16, 16 ],
			"faces": {
				"down": { "uv": [ 0, 6, 16, 9 ], "texture": "#ends", "rotation": 270 },
				"up": { "uv": [ 0, 0, 16, 3 ], "texture": "#ends", "cullface": "up", "rotation": 90 },
				"north": { "uv": [ 0, 0, 3, 3 ], "texture": "#sides", "cullface": "north" },
				"south": { "uv": [ 3, 0, 6, 3 ], "texture": "#sides", "cullface": "south" },
				"west": { "uv": [ 0, 0, 16, 3 ], "texture": "#particle", "cullface": "west" },
				"east": { "uv": [ 16, 0, 0, 3 ], "texture": "#particle" }
			}
		},
		{
			"from": [ 0, 1, 13 ],
			"to": [ 3, 13, 16 ],
			"faces": {
				"north": { "uv": [ 12, 0, 15, 12 ], "texture": "#insides" },
				"south": { "uv": [ 3, 3, 6, 15 ], "texture": "#sides", "cullface": "south" },
				"west": { "uv": [ 13, 3, 16, 15 ], "texture": "#particle", "cullface": "west" },
				"east": { "uv": [ 16, 3, 13, 15 ], "texture": "#particle" }
			}
		},
		{
			"from": [ 0, 1, 0 ],
			"to": [ 3, 13, 3 ],
			"faces": {
				"north": { "uv": [ 0, 3, 3, 15 ], "texture": "#sides", "cullface": "north" },
				"south": { "uv": [ 0, 0, 3, 12 ], "texture": "#insides" },
				"west": { "uv": [ 0, 3, 3, 15 ], "texture": "#particle", "cullface": "west" },
				"east": { "uv": [ 3, 3, 0, 15 ], "texture": "#particle" }
			}
		},
		{
			"from": [ 0, 1, 5 ],
			"to": [ 3, 13, 7 ],
			"faces": {
				"north": { "uv": [ 3, 0, 6, 12 ], "texture": "#insides" },
				"south": { "uv": [ 6, 0, 9, 12 ], "texture": "#insides" },
				"west": { "uv": [ 5, 3, 7, 15 ], "texture": "#particle", "cullface": "west" },
				"east": { "uv": [ 7, 3, 5, 15 ], "texture": "#particle" }
			}
		},
		{
			"from": [ 0, 1, 9 ],
			"to": [ 3, 13, 11 ],
			"faces": {
				"north": { "uv": [ 3, 0, 6, 12 ], "texture": "#insides" },
				"south": { "uv": [ 9, 0, 12, 12 ], "texture": "#insides" },
				"west": { "uv": [ 9, 3, 11, 15 ], "texture": "#particle", "cullface": "west" },
				"east": { "uv": [ 11, 3, 9, 15 ], "texture": "#particle" }
			}
		},
		{
			"from": [ -1, 0, 12 ],
			"to": [ 0, 1, 15 ],
			"faces": {
				"down": { "uv": [ 12, 15, 15, 16 ], "texture": "#particle", "cullface": "west", "rotation": 270 },
				"up": { "uv": [ 15, 15, 12, 16 ], "texture": "#particle", "cullface": "west", "rotation": 270 },
				"north": { "uv": [ 12, 15, 13, 16 ], "texture": "#particle", "cullface": "west" },
				"south": { "uv": [ 14, 15, 15, 16 ], "texture": "#particle", "cullface": "west" },
				"west": { "uv": [ 15, 15, 12, 16 ], "texture": "#particle", "cullface": "west", "rotation": 180 }
			}
		},
		{
			"from": [ 3, 0, 12 ],
			"to": [ 4, 1, 15 ],
			"faces": {
				"down": { "uv": [ 12, 15, 15, 16 ], "texture": "#particle", "cullface": "down", "rotation": 270 },
				"up": { "uv": [ 15, 15, 12, 16 ], "texture": "#particle", "rotation": 270 },
				"north": { "uv": [ 12, 15, 13, 16 ], "texture": "#particle" },
				"south": { "uv": [ 14, 15, 15, 16 ], "texture": "#particle" },
				"east": { "uv": [ 15, 15, 12, 16 ], "texture": "#particle" }
			}
		}
	]
}