{
	"__comment": "Made by Mickey Joe Alpha - https://www.Reddit.com/user/MushirMickeyJoe",
	"textures": {
		"particle": "block/acacia_trapdoor",
		"front": "block/acacia_trapdoor",
		"side": "block/trapdoor_side_2"
	},
	"elements": [ 	 
		{
			"__comment": "Box1",
			"from": [ 0, 0, 13 ],
			"to": [ 16, 3, 16 ],
			"faces": {
				"down": { "uv": [ 16, 3, 0, 0 ], "texture": "#front", "cullface": "down", "rotation": 180 },
				"up": { "uv": [ 0, 0, 16, 3 ], "texture": "#front", "rotation": 180 },
				"north": { "uv": [ 0, 3, 16, 6 ], "texture": "#side" },
				"south": { "uv": [ 0, 3, 16, 6 ], "texture": "#side", "cullface": "south" },
				"west": { "uv": [ 13, 3, 16, 6 ], "texture": "#side", "cullface": "west" },
				"east": { "uv": [ 0, 3, 3, 6 ], "texture": "#side", "cullface": "east" }
			}
		},
		{
			"__comment": "Box2",
			"from": [ 14, 0, 3 ],
			"to": [ 16, 3, 13 ],
			"faces": {
				"down": { "uv": [ 0, 3, 2, 13 ], "texture": "#front", "cullface": "down", "rotation": 180 },
				"up": { "uv": [ 0, 3, 2, 13 ], "texture": "#front", "rotation": 180 },
				"west": { "uv": [ 3, 6, 13, 9 ], "texture": "#side" },
				"east": { "uv": [ 3, 3, 13, 6 ], "texture": "#side", "cullface": "east" }
			}
		},
		{
			"__comment": "Box3",
			"from": [ 9, 0, 3 ],
			"to": [ 12, 3, 13 ],
			"faces": {
				"down": { "uv": [ 7, 13, 4, 3 ], "texture": "#front", "cullface": "down", "rotation": 180 },
				"up": { "uv": [ 4, 3, 7, 13 ], "texture": "#front", "rotation": 180 },
				"west": { "uv": [ 7, 3, 4, 13 ], "texture": "#front", "rotation": 90 },
				"east": { "uv": [ 7, 3, 4, 13 ], "texture": "#front", "rotation": 270 }
			}
		},
		{
			"__comment": "Box4",
			"from": [ 4, 0, 3 ],
			"to": [ 7, 3, 13 ],
			"faces": {
				"down": { "uv": [ 12, 13, 9, 3 ], "texture": "#front", "cullface": "down", "rotation": 180 },
				"up": { "uv": [ 9, 3, 12, 13 ], "texture": "#front", "rotation": 180 },
				"west": { "uv": [ 12, 3, 9, 13 ], "texture": "#front", "rotation": 90 },
				"east": { "uv": [ 12, 3, 9, 13 ], "texture": "#front", "rotation": 270 }
			}
		},
		{
			"__comment": "Box5",
			"from": [ 0, 0, 3 ],
			"to": [ 2, 3, 13 ],
			"faces": {
				"down": { "uv": [ 14, 3, 16, 13 ], "texture": "#front", "cullface": "down", "rotation": 180 },
				"up": { "uv": [ 14, 3, 16, 13 ], "texture": "#front", "rotation": 180 },
				"west": { "uv": [ 3, 3, 13, 6 ], "texture": "#side", "cullface": "west" },
				"east": { "uv": [ 3, 9, 13, 12 ], "texture": "#side" }
			}
		},
		{
			"__comment": "Box6",
			"from": [ 0, 0, 0 ],
			"to": [ 16, 3, 3 ],
			"faces": {
				"down": { "uv": [ 16, 16, 0, 13 ], "texture": "#front", "cullface": "down", "rotation": 180 },
				"up": { "uv": [ 0, 13, 16, 16 ], "texture": "#front", "rotation": 180 },
				"north": { "uv": [ 0, 3, 16, 6 ], "texture": "#side", "cullface": "north" },
				"south": { "uv": [ 0, 9, 16, 12 ], "texture": "#side" },
				"west": { "uv": [ 0, 3, 3, 6 ], "texture": "#side", "cullface": "west" },
				"east": { "uv": [ 13, 3, 16, 6 ], "texture": "#side", "cullface": "east" }
			}
		},
		{
			"__comment": "Box7",
			"from": [ 5, 3, 0 ],
			"to": [ 11, 4, 2 ],
			"faces": {
				"up": { "uv": [ 5, 14, 11, 16 ], "texture": "#front", "rotation": 180 },
				"north": { "uv": [ 11, 15, 5, 16 ], "texture": "#front", "rotation": 180 },
				"south": { "uv": [ 5, 14, 11, 15 ], "texture": "#front", "rotation": 180 },
				"west": { "uv": [ 10, 14, 11, 16 ], "texture": "#front", "rotation": 90 },
				"east": { "uv": [ 5, 14, 6, 16 ], "texture": "#front", "rotation": 90 }
			}
		},
		{
			"__comment": "Box9",
			"from": [ 5, -0.875, 0 ],
			"to": [ 11, 0, 2 ],
			"faces": {
				"down": { "uv": [ 5, 14, 11, 16 ], "texture": "#front", "cullface": "down" },
				"north": { "uv": [ 11, 15, 5, 16 ], "texture": "#front", "cullface": "down" },
				"south": { "uv": [ 5, 14, 11, 15 ], "texture": "#front", "cullface": "down" },
				"west": { "uv": [ 5, 14, 6, 16 ], "texture": "#front", "cullface": "down", "rotation": 90 },
				"east": { "uv": [ 10, 14, 11, 16 ], "texture": "#front", "cullface": "down", "rotation": 270 }
			}
		}
	],
	"display": {
		"thirdperson_righthand": {
			"rotation":  [ 75, 45, 0 ],
			"translation":  [ 0, 2.5, 1.5 ],
			"scale":  [ 0.375, 0.375, 0.375 ]
		},
		"thirdperson_lefthand": {
			"rotation":  [ 75, 45, 0 ],
			"translation":  [ 0, 2.5, 1.5 ],
			"scale":  [ 0.375, 0.375, 0.375 ]
		},
		"firstperson_righthand": {
			"rotation":  [ 0, 45, 0 ],
			"translation":  [ 0, 3, 0 ],
			"scale":  [ 0.4, 0.4, 0.4 ]
		},
		"firstperson_lefthand": {
			"rotation":  [ 0, 45, 0 ],
			"translation":  [ 0, 3, 0 ],
			"scale":  [ 0.4, 0.4, 0.4 ]
		},
		"gui": {
			"rotation":  [ 30, 225, 0 ],
			"translation":  [ 0, 3, 0 ],
			"scale":  [ 0.625, 0.625, 0.625 ]
		},
		"head": {
			"rotation":  [ 90, 180, 0 ]
		},
		"ground": {
			"translation":  [ 0, 3, 0 ],
			"scale":  [ 0.25, 0.25, 0.25 ]
		},
		"fixed": {
			"translation":  [ 0, 3, 0 ],
			"scale":  [ 0.5, 0.5, 0.5 ]
		}
	}
}