{
	"__comment": "Made by Mickey Joe Alpha - https://www.Reddit.com/user/MushirMickeyJoe",
	"parent": "block/block",
	"textures": {
		"particle": "block/acacia_trapdoor",
		"front": "block/acacia_trapdoor",
		"side": "block/trapdoor_side_2"
	},
	"elements": [ 	 
		{
			"__comment": "Box1",
			"from": [ 0, 13, 13 ],
			"to": [ 16, 16, 16 ],
			"faces": {
				"down": { "uv": [ 16, 3, 0, 0 ], "texture": "#front", "rotation": 180 },
				"up": { "uv": [ 0, 0, 16, 3 ], "texture": "#front", "cullface": "up", "rotation": 180 },
				"north": { "uv": [ 0, 3, 16, 6 ], "texture": "#side" },
				"south": { "uv": [ 0, 3, 16, 6 ], "texture": "#side", "cullface": "south" },
				"west": { "uv": [ 13, 3, 16, 6 ], "texture": "#side", "cullface": "west" },
				"east": { "uv": [ 0, 3, 3, 6 ], "texture": "#side", "cullface": "east" }
			}
		},
		{
			"__comment": "Box2",
			"from": [ 14, 13, 3 ],
			"to": [ 16, 16, 13 ],
			"faces": {
				"down": { "uv": [ 0, 3, 2, 13 ], "texture": "#front", "rotation": 180 },
				"up": { "uv": [ 0, 3, 2, 13 ], "texture": "#front", "cullface": "up", "rotation": 180 },
				"west": { "uv": [ 3, 6, 13, 9 ], "texture": "#side" },
				"east": { "uv": [ 3, 3, 13, 6 ], "texture": "#side", "cullface": "east" }
			}
		},
		{
			"__comment": "Box3",
			"from": [ 9, 13, 3 ],
			"to": [ 12, 16, 13 ],
			"faces": {
				"down": { "uv": [ 7, 13, 4, 3 ], "texture": "#front", "rotation": 180 },
				"up": { "uv": [ 4, 3, 7, 13 ], "texture": "#front", "cullface": "up", "rotation": 180 },
				"west": { "uv": [ 7, 3, 4, 13 ], "texture": "#front", "rotation": 90 },
				"east": { "uv": [ 7, 3, 4, 13 ], "texture": "#front", "rotation": 270 }
			}
		},
		{
			"__comment": "Box4",
			"from": [ 4, 13, 3 ],
			"to": [ 7, 16, 13 ],
			"faces": {
				"down": { "uv": [ 12, 13, 9, 3 ], "texture": "#front", "rotation": 180 },
				"up": { "uv": [ 9, 3, 12, 13 ], "texture": "#front", "cullface": "up", "rotation": 180 },
				"west": { "uv": [ 12, 3, 9, 13 ], "texture": "#front", "rotation": 90 },
				"east": { "uv": [ 12, 3, 9, 13 ], "texture": "#front", "rotation": 270 }
			}
		},
		{
			"__comment": "Box5",
			"from": [ 0, 13, 3 ],
			"to": [ 2, 16, 13 ],
			"faces": {
				"down": { "uv": [ 14, 3, 16, 13 ], "texture": "#front", "rotation": 180 },
				"up": { "uv": [ 14, 3, 16, 13 ], "texture": "#front", "cullface": "up", "rotation": 180 },
				"west": { "uv": [ 3, 3, 13, 6 ], "texture": "#side", "cullface": "west" },
				"east": { "uv": [ 3, 9, 13, 12 ], "texture": "#side" }
			}
		},
		{
			"__comment": "Box6",
			"from": [ 0, 13, 0 ],
			"to": [ 16, 16, 3 ],
			"faces": {
				"down": { "uv": [ 16, 16, 0, 13 ], "texture": "#front", "rotation": 180 },
				"up": { "uv": [ 0, 13, 16, 16 ], "texture": "#front", "cullface": "up", "rotation": 180 },
				"north": { "uv": [ 0, 3, 16, 6 ], "texture": "#side", "cullface": "north" },
				"south": { "uv": [ 0, 9, 16, 12 ], "texture": "#side" },
				"west": { "uv": [ 0, 3, 3, 6 ], "texture": "#side", "cullface": "west" },
				"east": { "uv": [ 13, 3, 16, 6 ], "texture": "#side", "cullface": "east" }
			}
		},
		{
			"__comment": "Box7",
			"from": [ 5, 16, 0 ],
			"to": [ 11, 16.875, 2 ],
			"faces": {
				"up": { "uv": [ 5, 14, 11, 16 ], "texture": "#front", "cullface": "up", "rotation": 180 },
				"north": { "uv": [ 11, 15, 5, 16 ], "texture": "#front", "cullface": "up", "rotation": 180 },
				"south": { "uv": [ 5, 14, 11, 15 ], "texture": "#front", "cullface": "up", "rotation": 180 },
				"west": { "uv": [ 10, 14, 11, 16 ], "texture": "#front", "cullface": "up", "rotation": 90 },
				"east": { "uv": [ 5, 14, 6, 16 ], "texture": "#front", "cullface": "up", "rotation": 270 }
			}
		},
		{
			"__comment": "Box9",
			"from": [ 5, 12, 0 ],
			"to": [ 11, 13, 2 ],
			"faces": {
				"down": { "uv": [ 5, 14, 11, 16 ], "texture": "#front" },
				"north": { "uv": [ 11, 15, 5, 16 ], "texture": "#front" },
				"south": { "uv": [ 5, 14, 11, 15 ], "texture": "#front" },
				"west": { "uv": [ 5, 14, 6, 16 ], "texture": "#front", "rotation": 90 },
				"east": { "uv": [ 10, 14, 11, 16 ], "texture": "#front", "rotation": 270 }
			}
		}
	]
}