{
	"__comment": "Made by Mickey Joe Alpha - https://www.Reddit.com/user/MushirMickeyJoe",
	"ambientocclusion": false,
	"textures": {
		"particle": "block/empty_particle",
		"rails": "block/track_rails",
		"ties": "block/track_redstone_ties"
	},
	"elements": [ 	 
		{
			"__comment": "Box2",
			"from": [ 1, 0, 1 ],
			"to": [ 15, 1, 3 ],
			"faces": {
				"down": { "uv": [ 0, 2, 14, 0 ], "texture": "#ties", "cullface": "down" },
				"up": { "uv": [ 0, 0, 14, 2 ], "texture": "#ties" },
				"north": { "uv": [ 14, 0, 0, 1 ], "texture": "#ties" },
				"south": { "uv": [ 14, 1, 0, 2 ], "texture": "#ties" },
				"west": { "uv": [ 0, 0, 1, 2 ], "texture": "#ties", "rotation": 270 },
				"east": { "uv": [ 13, 2, 14, 0 ], "texture": "#ties", "rotation": 270 }
			}
		},
		{
			"__comment": "Box3",
			"from": [ 1, 0, 5 ],
			"to": [ 15, 1, 7 ],
			"faces": {
				"down": { "uv": [ 0, 4, 14, 2 ], "texture": "#ties", "cullface": "down" },
				"up": { "uv": [ 0, 2, 14, 4 ], "texture": "#ties" },
				"north": { "uv": [ 14, 2, 0, 3 ], "texture": "#ties" },
				"south": { "uv": [ 0, 3, 14, 4 ], "texture": "#ties" },
				"west": { "uv": [ 0, 2, 1, 4 ], "texture": "#ties", "rotation": 270 },
				"east": { "uv": [ 13, 4, 14, 2 ], "texture": "#ties", "rotation": 270 }
			}
		},
		{
			"__comment": "Box4",
			"from": [ 1, 0, 9 ],
			"to": [ 15, 1, 11 ],
			"faces": {
				"down": { "uv": [ 0, 6, 14, 4 ], "texture": "#ties", "cullface": "down" },
				"up": { "uv": [ 0, 4, 14, 6 ], "texture": "#ties" },
				"north": { "uv": [ 14, 4, 0, 5 ], "texture": "#ties" },
				"south": { "uv": [ 0, 5, 14, 6 ], "texture": "#ties" },
				"west": { "uv": [ 0, 4, 1, 6 ], "texture": "#ties", "rotation": 270 },
				"east": { "uv": [ 13, 6, 14, 4 ], "texture": "#ties", "rotation": 270 }
			}
		},
		{
			"__comment": "Box5",
			"from": [ 1, 0, 13 ],
			"to": [ 15, 1, 15 ],
			"faces": {
				"down": { "uv": [ 0, 8, 14, 6 ], "texture": "#ties", "cullface": "down" },
				"up": { "uv": [ 0, 6, 14, 8 ], "texture": "#ties" },
				"north": { "uv": [ 14, 6, 0, 7 ], "texture": "#ties" },
				"south": { "uv": [ 0, 7, 14, 8 ], "texture": "#ties" },
				"west": { "uv": [ 0, 6, 1, 8 ], "texture": "#ties", "rotation": 270 },
				"east": { "uv": [ 13, 8, 14, 6 ], "texture": "#ties", "rotation": 270 }
			}
		},
		{
			"__comment": "Box6",
			"from": [ 2, 1, 0 ],
			"to": [ 4, 2, 16 ],
			"faces": {
				"down": { "uv": [ 0, 16, 2, 0 ], "texture": "#rails" },
				"up": { "uv": [ 0, 0, 2, 16 ], "texture": "#rails" },
				"north": { "uv": [ 2, 0, 0, 1 ], "texture": "#rails", "cullface": "north" },
				"south": { "uv": [ 0, 15, 2, 16 ], "texture": "#rails", "cullface": "south" },
				"west": { "uv": [ 0, 0, 1, 16 ], "texture": "#rails", "rotation": 270 },
				"east": { "uv": [ 1, 16, 2, 0 ], "texture": "#rails", "rotation": 270 }
			}
		},
		{
			"__comment": "Box7",
			"from": [ 12, 1, 0 ],
			"to": [ 14, 2, 16 ],
			"faces": {
				"down": { "uv": [ 4, 16, 6, 0 ], "texture": "#rails" },
				"up": { "uv": [ 4, 0, 6, 16 ], "texture": "#rails" },
				"north": { "uv": [ 6, 0, 4, 1 ], "texture": "#rails", "cullface": "north" },
				"south": { "uv": [ 4, 15, 6, 16 ], "texture": "#rails", "cullface": "south" },
				"west": { "uv": [ 4, 0, 5, 16 ], "texture": "#rails", "rotation": 270 },
				"east": { "uv": [ 5, 16, 6, 0 ], "texture": "#rails", "rotation": 270 }
			}
		},
		{
			"__comment": "Box7",
			"from": [ 7, 0, 3 ],
			"to": [ 9, 1, 13 ],
			"faces": {
				"down": { "uv": [ 6, 10, 8, 0 ], "texture": "#rails", "cullface": "down" },
				"up": { "uv": [ 6, 0, 8, 10 ], "texture": "#rails" },
				"west": { "uv": [ 6, 0, 7, 10 ], "texture": "#rails", "rotation": 270 },
				"east": { "uv": [ 7, 10, 8, 0 ], "texture": "#rails", "rotation": 270 }
			}
		}
	]
}