{
	"__comment": "Designed by MushirMickeyJoe with Cubik Studio - https://cubik.studio",
	"parent": "block/block",
	"textures": {
		"particle": "block/anvil",
		"top": "block/anvil_top",
		"tools": "block/anvil_tools"
	},
	"elements": [ 	 
		{
			"from": [ 3, 0, 2 ],
			"to": [ 13, 4, 14 ],
			"faces": {
				"down": { "uv": [ 3, 2, 13, 14 ], "texture": "#particle", "cullface": "down", "rotation": 180 },
				"up": { "uv": [ 3, 2, 13, 14 ], "texture": "#particle", "rotation": 180 },
				"north": { "uv": [ 3, 12, 13, 16 ], "texture": "#particle" },
				"south": { "uv": [ 3, 12, 13, 16 ], "texture": "#particle" },
				"west": { "uv": [ 0, 2, 4, 14 ], "texture": "#particle", "rotation": 90 },
				"east": { "uv": [ 4, 2, 0, 14 ], "texture": "#particle", "rotation": 270 }
			}
		},
		{
			"from": [ 6, 4, 4 ],
			"to": [ 10, 10, 12 ],
			"faces": {
				"north": { "uv": [ 6, 6, 10, 12 ], "texture": "#particle" },
				"south": { "uv": [ 6, 6, 10, 12 ], "texture": "#particle" },
				"west": { "uv": [ 4, 4, 10, 12 ], "texture": "#particle", "rotation": 90 },
				"east": { "uv": [ 10, 4, 4, 12 ], "texture": "#particle", "rotation": 270 }
			}
		},
		{
			"from": [ 3, 10, 0 ],
			"to": [ 13, 16, 16 ],
			"faces": {
				"down": { "uv": [ 3, 0, 13, 16 ], "texture": "#particle", "rotation": 180 },
				"up": { "uv": [ 3, 0, 13, 16 ], "texture": "#top", "cullface": "up", "rotation": 180 },
				"north": { "uv": [ 3, 0, 13, 6 ], "texture": "#particle", "cullface": "north" },
				"south": { "uv": [ 3, 0, 13, 6 ], "texture": "#particle", "cullface": "south" },
				"west": { "uv": [ 10, 0, 16, 16 ], "texture": "#particle", "rotation": 90 },
				"east": { "uv": [ 16, 0, 10, 16 ], "texture": "#particle", "rotation": 270 }
			}
		},
		{
			"from": [ 3, 5.1562, 4 ],
			"to": [ 6, 10.1562, 7 ],
			"rotation": { "origin": [ 3, 5.15625, 4 ], "axis": "x", "angle": 22.5 },
			"faces": {
				"down": { "uv": [ 6, 0, 9, 3 ], "texture": "#tools" },
				"up": { "uv": [ 6, 0, 3, 3 ], "texture": "#tools", "rotation": 180 },
				"north": { "uv": [ 0, 3, 3, 8 ], "texture": "#tools" },
				"south": { "uv": [ 6, 3, 9, 8 ], "texture": "#tools" },
				"west": { "uv": [ 3, 3, 6, 8 ], "texture": "#tools" },
				"east": { "uv": [ 9, 3, 12, 8 ], "texture": "#tools" }
			}
		},
		{
			"from": [ 4, 7.1569, 3.1015 ],
			"to": [ 5, 8.1569, 11.88275 ],
			"rotation": { "origin": [ 3, 5.15625, 4 ], "axis": "x", "angle": 22.5 },
			"faces": {
				"down": { "uv": [ 2, 8, 11, 9 ], "texture": "#tools", "rotation": 270 },
				"up": { "uv": [ 2, 8, 11, 9 ], "texture": "#tools", "rotation": 90 },
				"north": { "uv": [ 2, 8, 3, 9 ], "texture": "#tools" },
				"south": { "uv": [ 10, 8, 11, 9 ], "texture": "#tools" },
				"west": { "uv": [ 2, 8, 11, 9 ], "texture": "#tools" },
				"east": { "uv": [ 11, 8, 2, 9 ], "texture": "#tools" }
			}
		}
	],
    "display": {
        "gui": {
            "rotation": [ 30, -225, 0 ],
            "translation": [ 0, 0, 0],
            "scale":[ 0.625, 0.625, 0.625 ]
        },
        "thirdperson_righthand": {
            "rotation": [ 75, 45, 0 ],
            "translation": [ 0, 2.5, 0],
            "scale": [ 0.375, 0.375, 0.375 ]
        },
        "thirdperson_lefthand": {
            "rotation": [ 75, -135, 0 ],
            "translation": [ 0, 2.5, 0],
            "scale": [ 0.375, 0.375, 0.375 ]
        },
        "firstperson_righthand": {
            "rotation": [ 0, 45, 0 ],
            "translation": [ 0, 0, 0 ],
            "scale": [ 0.40, 0.40, 0.40 ]
        },
        "firstperson_lefthand": {
            "rotation": [ 0, -135, 0 ],
            "translation": [ 0, 0, 0 ],
            "scale": [ 0.40, 0.40, 0.40 ]
        }
    }
}