{
	"__comment": "Made by Mickey Joe Alpha - https://www.Reddit.com/user/MushirMickeyJoe",
	"parent": "block/block",
	"textures": {
		"particle": "block/barrel_side",
		"top": "block/barrel_top",
		"side": "block/barrel_side",
		"bottom": "block/barrel_bottom"
	},
	"elements": [ 	 
		{
			"__comment": "Box6",
			"from": [ 3, 15, 8 ],
			"to": [ 5, 16, 10 ],
			"faces": {
				"up": { "uv": [ 3, 8, 5, 10 ], "texture": "#top", "cullface": "up" },
				"north": { "uv": [ 5, 8, 3, 9 ], "texture": "#top", "cullface": "up" },
				"south": { "uv": [ 5, 9, 3, 10 ], "texture": "#top", "cullface": "up" },
				"west": { "uv": [ 3, 8, 4, 10 ], "texture": "#top", "cullface": "up", "rotation": 270 },
				"east": { "uv": [ 5, 8, 4, 10 ], "texture": "#top", "cullface": "up", "rotation": 90 }
			}
		},
		{
			"__comment": "Box7",
			"from": [ 0, 1, 0 ],
			"to": [ 16, 15, 16 ],
			"faces": {
				"down": { "uv": [ 0, 0, 16, 16 ], "texture": "#bottom", "cullface": "down" },
				"up": { "uv": [ 0, 0, 16, 16 ], "texture": "#top", "cullface": "up" },
				"north": { "uv": [ 0, 1, 16, 15 ], "texture": "#side", "cullface": "north" },
				"south": { "uv": [ 0, 1, 16, 15 ], "texture": "#side", "cullface": "south" },
				"west": { "uv": [ 0, 1, 16, 15 ], "texture": "#side", "cullface": "west" },
				"east": { "uv": [ 0, 1, 16, 15 ], "texture": "#side", "cullface": "east" }
			}
		},
		{
			"__comment": "Box8",
			"from": [ 0, 0, 0 ],
			"to": [ 16, 1, 1 ],
			"faces": {
				"down": { "uv": [ 0, 15, 16, 16 ], "texture": "#bottom", "cullface": "down" },
				"north": { "uv": [ 0, 15, 16, 16 ], "texture": "#side", "cullface": "north" },
				"south": { "uv": [ 0, 15, 16, 16 ], "texture": "#bottom", "cullface": "down" },
				"west": { "uv": [ 0, 15, 1, 16 ], "texture": "#side", "cullface": "west" },
				"east": { "uv": [ 15, 15, 16, 16 ], "texture": "#side", "cullface": "east" }
			}
		},
		{
			"__comment": "Box9",
			"from": [ 0, 0, 15 ],
			"to": [ 16, 1, 16 ],
			"faces": {
				"down": { "uv": [ 0, 0, 16, 1 ], "texture": "#bottom", "cullface": "down" },
				"north": { "uv": [ 16, 0, 0, 1 ], "texture": "#bottom", "cullface": "down" },
				"south": { "uv": [ 0, 15, 16, 16 ], "texture": "#side", "cullface": "south" },
				"west": { "uv": [ 15, 15, 16, 16 ], "texture": "#side", "cullface": "west" },
				"east": { "uv": [ 0, 15, 1, 16 ], "texture": "#side", "cullface": "east" }
			}
		},
		{
			"__comment": "Box10",
			"from": [ 0, 0, 1 ],
			"to": [ 1, 1, 15 ],
			"faces": {
				"down": { "uv": [ 0, 1, 1, 15 ], "texture": "#bottom", "cullface": "down" },
				"west": { "uv": [ 1, 15, 15, 16 ], "texture": "#side", "cullface": "west" },
				"east": { "uv": [ 0, 1, 1, 15 ], "texture": "#bottom", "cullface": "down", "rotation": 270 }
			}
		},
		{
			"__comment": "Box11",
			"from": [ 15, 0, 1 ],
			"to": [ 16, 1, 15 ],
			"faces": {
				"down": { "uv": [ 15, 1, 16, 15 ], "texture": "#bottom", "cullface": "down" },
				"west": { "uv": [ 15, 1, 16, 15 ], "texture": "#bottom", "cullface": "down", "rotation": 90 },
				"east": { "uv": [ 1, 15, 15, 16 ], "texture": "#side", "cullface": "east" }
			}
		},
		{
			"__comment": "Box12",
			"from": [ 0, 15, 0 ],
			"to": [ 16, 16, 1 ],
			"faces": {
				"up": { "uv": [ 0, 0, 16, 1 ], "texture": "#top", "cullface": "up" },
				"north": { "uv": [ 0, 0, 16, 1 ], "texture": "#side", "cullface": "north" },
				"south": { "uv": [ 0, 0, 16, 1 ], "texture": "#top", "cullface": "up" },
				"west": { "uv": [ 0, 0, 1, 1 ], "texture": "#side", "cullface": "west" },
				"east": { "uv": [ 15, 0, 16, 1 ], "texture": "#side", "cullface": "east" }
			}
		},
		{
			"__comment": "Box13",
			"from": [ 0, 15, 1 ],
			"to": [ 1, 16, 15 ],
			"faces": {
				"up": { "uv": [ 0, 1, 1, 15 ], "texture": "#top", "cullface": "up" },
				"west": { "uv": [ 1, 0, 15, 1 ], "texture": "#side", "cullface": "west" },
				"east": { "uv": [ 0, 1, 1, 15 ], "texture": "#top", "cullface": "up", "rotation": 90 }
			}
		},
		{
			"__comment": "Box14",
			"from": [ 15, 15, 1 ],
			"to": [ 16, 16, 15 ],
			"faces": {
				"up": { "uv": [ 15, 1, 16, 15 ], "texture": "#top", "cullface": "up" },
				"west": { "uv": [ 15, 1, 16, 15 ], "texture": "#top", "cullface": "up", "rotation": 270 },
				"east": { "uv": [ 1, 0, 15, 1 ], "texture": "#side", "cullface": "east" }
			}
		},
		{
			"__comment": "Box15",
			"from": [ 0, 15, 15 ],
			"to": [ 16, 16, 16 ],
			"faces": {
				"up": { "uv": [ 0, 15, 16, 16 ], "texture": "#top", "cullface": "up" },
				"north": { "uv": [ 16, 15, 0, 16 ], "texture": "#top", "cullface": "up" },
				"south": { "uv": [ 0, 0, 16, 1 ], "texture": "#side", "cullface": "south" },
				"west": { "uv": [ 15, 0, 16, 1 ], "texture": "#side", "cullface": "west" },
				"east": { "uv": [ 0, 0, 1, 1 ], "texture": "#side", "cullface": "east" }
			}
		}
	],
    "display": {
        "gui": {
            "rotation": [ 120, 180, 45 ],
            "translation": [ 0, 0, 0],
            "scale":[ 0.625, 0.625, 0.625 ]
        },
        "thirdperson_righthand": {
            "rotation": [ 165, -180, -45 ],
            "translation": [ 0, 2.5, 0],
            "scale": [ 0.375, 0.375, 0.375 ]
        },
        "thirdperson_lefthand": {
            "rotation": [ 165, -180, -45 ],
            "translation": [ 0, 2.5, 0],
            "scale": [ 0.375, 0.375, 0.375 ]
        },
        "firstperson_righthand": {
            "rotation": [ -90, 0, 135 ],
            "translation": [ 0, 0, 0 ],
            "scale": [ 0.4, 0.4, 0.4 ]
        },
        "firstperson_lefthand": {
            "rotation": [ -90, 0, 135 ],
            "translation": [ 0, 0, 0 ],
            "scale": [ 0.4, 0.4, 0.4 ]
        }
    }
}