{
	"__comment": "Made by Mickey Joe Alpha - https://www.Reddit.com/user/MushirMickeyJoe",
	"parent": "block/block",
	"textures": {
		"particle": "block/beacon",
		"beacon": "block/beacon",
		"base": "block/beacon_base",
		"obsidian": "block/obsidian",
		"glass": "block/glass",
		"bottom": "block/beacon_bottom"
	},
	"elements": [ 	 
		{
			"from": [ 2.3438, 4, 8 ],
			"to": [ 10.3438, 12, 16 ],
			"rotation": { "origin": [ 2.34375, 4, 8 ], "axis": "y", "angle": 45 },
			"faces": {
				"down": { "uv": [ 0, 0, 8, 8 ], "texture": "#particle" },
				"up": { "uv": [ 0, 0, 8, 8 ], "texture": "#particle" },
				"north": { "uv": [ 0, 0, 8, 8 ], "texture": "#particle" },
				"south": { "uv": [ 0, 0, 8, 8 ], "texture": "#particle" },
				"west": { "uv": [ 0, 0, 8, 8 ], "texture": "#particle" },
				"east": { "uv": [ 0, 0, 8, 8 ], "texture": "#particle" }
			}
		},
		{
			"from": [ 0, 0, 0 ],
			"to": [ 16, 16, 16 ],
			"faces": {
				"down": { "uv": [ 0, 0, 16, 16 ], "texture": "#glass", "cullface": "down" },
				"up": { "uv": [ 0, 0, 16, 16 ], "texture": "#glass", "cullface": "up" },
				"north": { "uv": [ 0, 0, 16, 16 ], "texture": "#glass", "cullface": "north" },
				"south": { "uv": [ 0, 0, 16, 16 ], "texture": "#glass", "cullface": "south" },
				"west": { "uv": [ 0, 0, 16, 16 ], "texture": "#glass", "cullface": "west" },
				"east": { "uv": [ 0, 0, 16, 16 ], "texture": "#glass", "cullface": "east" }
			}
		},
		{
			"from": [ 3, 2, 3 ],
			"to": [ 13, 4, 13 ],
			"faces": {
				"up": { "uv": [ 3, 3, 13, 13 ], "texture": "#obsidian" },
				"north": { "uv": [ 3, 12, 13, 14 ], "texture": "#beacon" },
				"south": { "uv": [ 3, 12, 13, 14 ], "texture": "#beacon" },
				"west": { "uv": [ 3, 12, 13, 14 ], "texture": "#beacon" },
				"east": { "uv": [ 3, 12, 13, 14 ], "texture": "#beacon" }
			}
		},
		{
			"from": [ 1, 0.0312, 1 ],
			"to": [ 15, 1.99995, 15 ],
			"faces": {
				"down": { "uv": [ 1, 1, 15, 15 ], "texture": "#bottom", "cullface": "down" },
				"up": { "uv": [ 1, 1, 15, 15 ], "texture": "#base" },
				"north": { "uv": [ 1, 14, 15, 16 ], "texture": "#beacon" },
				"south": { "uv": [ 1, 14, 15, 16 ], "texture": "#beacon" },
				"west": { "uv": [ 1, 14, 15, 16 ], "texture": "#beacon" },
				"east": { "uv": [ 1, 14, 15, 16 ], "texture": "#beacon" }
			}
		},
		{
			"from": [ 5, 4, 3 ],
			"to": [ 11, 8, 3.001 ],
			"faces": {
				"north": { "uv": [ 8, 0, 14, 4 ], "texture": "#beacon" },
				"south": { "uv": [ 8, 4, 14, 8 ], "texture": "#beacon" }
			}
		},
		{
			"from": [ 5, 4, 13 ],
			"to": [ 11, 8, 13.001 ],
			"faces": {
				"north": { "uv": [ 8, 4, 14, 8 ], "texture": "#beacon" },
				"south": { "uv": [ 8, 0, 14, 4 ], "texture": "#beacon" }
			}
		},
		{
			"from": [ 3, 4, 5 ],
			"to": [ 3.001, 8, 11 ],
			"faces": {
				"west": { "uv": [ 8, 0, 14, 4 ], "texture": "#beacon" },
				"east": { "uv": [ 8, 4, 14, 8 ], "texture": "#beacon" }
			}
		},
		{
			"from": [ 13, 4, 5 ],
			"to": [ 13.001, 8, 11 ],
			"faces": {
				"west": { "uv": [ 8, 4, 14, 8 ], "texture": "#beacon" },
				"east": { "uv": [ 8, 0, 14, 4 ], "texture": "#beacon" }
			}
		}
	]
}