{
	"__comment": "Made by Mickey Joe Alpha - https://www.Reddit.com/user/MushirMickeyJoe",
	"ambientocclusion": false,
	"textures": {
		"particle": "block/beetroots"
	},
	"elements": [ 	 
		{
			"from": [ 3, -0.9687999, 3 ],
			"to": [ 5, -0.9678001, 5 ],
			"faces": {
				"up": { "uv": [ 3, 9, 5, 11 ], "texture": "#particle" }
			}
		},
		{
			"from": [ 5, -0.9687999, 11 ],
			"to": [ 7, -0.9678001, 13 ],
			"faces": {
				"up": { "uv": [ 3, 9, 5, 11 ], "texture": "#particle" }
			}
		},
		{
			"from": [ 11, -0.9687999, 6 ],
			"to": [ 13, -0.9678001, 8 ],
			"faces": {
				"up": { "uv": [ 3, 9, 5, 11 ], "texture": "#particle" }
			}
		},
		{
			"from": [ 2.25, -0.9687999, 2.25 ],
			"to": [ 7.25, 4.0312, 2.251 ],
			"rotation": { "origin": [ 2.25, -0.96875, 2.25 ], "axis": "y", "angle": -45 },
			"shade": false,
			"faces": {
				"north": { "uv": [ 0, 0, 5, 5 ], "texture": "#particle" },
				"south": { "uv": [ 0, 0, 5, 5 ], "texture": "#particle" }
			}
		},
		{
			"from": [ 4.75, -0.9687999, -0.25 ],
			"to": [ 4.751, 4.0312, 4.75 ],
			"rotation": { "origin": [ 2.25, -0.96875, 2.25 ], "axis": "y", "angle": -45 },
			"shade": false,
			"faces": {
				"west": { "uv": [ 0, 0, 5, 5 ], "texture": "#particle" },
				"east": { "uv": [ 0, 0, 5, 5 ], "texture": "#particle" }
			}
		},
		{
			"from": [ 10.25, -0.9687999, 5.25 ],
			"to": [ 15.25, 4.0312, 5.251 ],
			"rotation": { "origin": [ 10.25, -0.96875, 5.25 ], "axis": "y", "angle": -45 },
			"shade": false,
			"faces": {
				"north": { "uv": [ 0, 0, 5, 5 ], "texture": "#particle" },
				"south": { "uv": [ 0, 0, 5, 5 ], "texture": "#particle" }
			}
		},
		{
			"from": [ 12.75, -0.9687999, 2.75 ],
			"to": [ 12.751, 4.0312, 7.75 ],
			"rotation": { "origin": [ 10.25, -0.96875, 5.25 ], "axis": "y", "angle": -45 },
			"shade": false,
			"faces": {
				"west": { "uv": [ 0, 0, 5, 5 ], "texture": "#particle" },
				"east": { "uv": [ 0, 0, 5, 5 ], "texture": "#particle" }
			}
		},
		{
			"from": [ 4.25, -0.9687999, 10.25 ],
			"to": [ 9.25, 4.0312, 10.251 ],
			"rotation": { "origin": [ 4.25, -0.96875, 10.25 ], "axis": "y", "angle": -45 },
			"shade": false,
			"faces": {
				"north": { "uv": [ 0, 0, 5, 5 ], "texture": "#particle" },
				"south": { "uv": [ 0, 0, 5, 5 ], "texture": "#particle" }
			}
		},
		{
			"from": [ 6.75, -0.9687999, 7.75 ],
			"to": [ 6.751, 4.0312, 12.75 ],
			"rotation": { "origin": [ 4.25, -0.96875, 10.25 ], "axis": "y", "angle": -45 },
			"shade": false,
			"faces": {
				"west": { "uv": [ 0, 0, 5, 5 ], "texture": "#particle" },
				"east": { "uv": [ 0, 0, 5, 5 ], "texture": "#particle" }
			}
		}
	]
}