{
	"__comment": "Made by Mickey Joe Alpha - https://www.Reddit.com/user/MushirMickeyJoe",
	"ambientocclusion": false,
	"textures": {
		"particle": "block/beetroots"
	},
	"elements": [ 	 
		{
			"from": [ -0.25, -1, 4.75 ],
			"to": [ 4.75, 3, 4.751 ],
			"rotation": { "origin": [ 2.25, -1, 2.25 ], "axis": "y", "angle": 45 },
			"shade": false,
			"faces": {
				"north": { "uv": [ 0, 5, 5, 9 ], "texture": "#particle" },
				"south": { "uv": [ 0, 5, 5, 9 ], "texture": "#particle" }
			}
		},
		{
			"from": [ 2.25, -1, 2.25 ],
			"to": [ 2.251, 3, 7.25 ],
			"rotation": { "origin": [ 2.25, -1, 2.25 ], "axis": "y", "angle": 45 },
			"shade": false,
			"faces": {
				"west": { "uv": [ 0, 5, 5, 9 ], "texture": "#particle" },
				"east": { "uv": [ 0, 5, 5, 9 ], "texture": "#particle" }
			}
		},
		{
			"from": [ 10.25, -1, 5.25 ],
			"to": [ 10.251, 3, 10.25 ],
			"rotation": { "origin": [ 10.25, -1, 5.25 ], "axis": "y", "angle": 45 },
			"shade": false,
			"faces": {
				"west": { "uv": [ 0, 5, 5, 9 ], "texture": "#particle" },
				"east": { "uv": [ 0, 5, 5, 9 ], "texture": "#particle" }
			}
		},
		{
			"from": [ 7.75, -1, 7.75 ],
			"to": [ 12.75, 3, 7.751 ],
			"rotation": { "origin": [ 10.25, -1, 5.25 ], "axis": "y", "angle": 45 },
			"shade": false,
			"faces": {
				"north": { "uv": [ 0, 5, 5, 9 ], "texture": "#particle" },
				"south": { "uv": [ 0, 5, 5, 9 ], "texture": "#particle" }
			}
		},
		{
			"from": [ 4.25, -1, 10.25 ],
			"to": [ 4.251, 3, 15.25 ],
			"rotation": { "origin": [ 4.25, -1, 10.25 ], "axis": "y", "angle": 45 },
			"shade": false,
			"faces": {
				"west": { "uv": [ 0, 5, 5, 9 ], "texture": "#particle" },
				"east": { "uv": [ 0, 5, 5, 9 ], "texture": "#particle" }
			}
		},
		{
			"from": [ 1.75, -1, 12.75 ],
			"to": [ 6.75, 3, 12.751 ],
			"rotation": { "origin": [ 4.25, -1, 10.25 ], "axis": "y", "angle": 45 },
			"shade": false,
			"faces": {
				"north": { "uv": [ 0, 5, 5, 9 ], "texture": "#particle" },
				"south": { "uv": [ 0, 5, 5, 9 ], "texture": "#particle" }
			}
		}
	]
}