{
	"__comment": "Made by Mickey Joe Alpha - https://www.Reddit.com/user/MushirMickeyJoe",
	"textures": {
		"particle": "block/bell_bottom",
		"bar": "block/bell_base"
	},
	"elements": [ 	 
		{
			"__comment": "Element",
			"from": [ 7, 13, 7 ],
			"to": [ 9, 16, 9 ],
			"faces": {
				"down": { "uv": [ 9, 1, 11, 3 ], "texture": "#bar" },
				"up": { "uv": [ 12, 2, 14, 4 ], "texture": "#bar", "cullface": "up" },
				"north": { "uv": [ 12, 4, 15, 6 ], "texture": "#bar", "rotation": 90 },
				"south": { "uv": [ 12, 0, 15, 2 ], "texture": "#bar", "rotation": 90 },
				"west": { "uv": [ 12, 6, 15, 8 ], "texture": "#bar", "rotation": 90 },
				"east": { "uv": [ 12, 2, 15, 4 ], "texture": "#bar", "rotation": 90 }
			}
		}
	]
}