{
	"__comment": "Made by Mickey Joe Alpha - https://www.Reddit.com/user/MushirMickeyJoe",
	"textures": {
		"particle": "block/bell_bottom",
		"post": "block/bell_base"
	},
	"elements": [ 	 
		{
			"__comment": "Element",
			"from": [ 2, 13, 7 ],
			"to": [ 14, 15, 9 ],
			"faces": {
				"down": { "uv": [ 14, 2, 16, 14 ], "texture": "#post", "rotation": 270 },
				"up": { "uv": [ 12, 2, 14, 14 ], "texture": "#post", "rotation": 270 },
				"north": { "uv": [ 15, 2, 13, 14 ], "texture": "#post", "rotation": 270 },
				"south": { "uv": [ 15, 2, 13, 14 ], "texture": "#post", "rotation": 270 }
			}
		},
		{
			"__comment": "Element",
			"from": [ 14, 0, 6 ],
			"to": [ 16, 16, 10 ],
			"faces": {
				"down": { "uv": [ 6, 14, 2, 16 ], "texture": "#post", "cullface": "down", "rotation": 270 },
				"up": { "uv": [ 6, 2, 2, 0 ], "texture": "#post", "cullface": "up", "rotation": 270 },
				"north": { "uv": [ 6, 0, 8, 16 ], "texture": "#post" },
				"south": { "uv": [ 0, 0, 2, 16 ], "texture": "#post" },
				"west": { "uv": [ 8, 0, 12, 16 ], "texture": "#post" },
				"east": { "uv": [ 2, 0, 6, 16 ], "texture": "#post", "cullface": "east" }
			}
		},
		{
			"__comment": "Element",
			"from": [ 0, 0, 6 ],
			"to": [ 2, 16, 10 ],
			"faces": {
				"down": { "uv": [ 2, 16, 6, 14 ], "texture": "#post", "cullface": "down", "rotation": 270 },
				"up": { "uv": [ 2, 0, 6, 2 ], "texture": "#post", "cullface": "up", "rotation": 270 },
				"north": { "uv": [ 0, 0, 2, 16 ], "texture": "#post" },
				"south": { "uv": [ 6, 0, 8, 16 ], "texture": "#post" },
				"west": { "uv": [ 2, 0, 6, 16 ], "texture": "#post", "cullface": "west" },
				"east": { "uv": [ 8, 0, 12, 16 ], "texture": "#post" }
			}
		},
		{
			"__comment": "Box4",
			"from": [ -0.875, 13, 7 ],
			"to": [ 0, 15, 9 ],
			"faces": {
				"down": { "uv": [ 14, 0, 16, 1 ], "texture": "#post", "cullface": "west", "rotation": 270 },
				"up": { "uv": [ 12, 0, 14, 1 ], "texture": "#post", "cullface": "west", "rotation": 270 },
				"north": { "uv": [ 13, 0, 15, 1 ], "texture": "#post", "cullface": "west", "rotation": 90 },
				"south": { "uv": [ 13, 0, 15, 1 ], "texture": "#post", "cullface": "west", "rotation": 90 },
				"west": { "uv": [ 9, 1, 11, 3 ], "texture": "#post", "cullface": "west" }
			}
		},
		{
			"__comment": "Box5",
			"from": [ 16, 13, 7 ],
			"to": [ 16.875, 15, 9 ],
			"faces": {
				"down": { "uv": [ 14, 15, 16, 16 ], "texture": "#post", "cullface": "east", "rotation": 270 },
				"up": { "uv": [ 12, 15, 14, 16 ], "texture": "#post", "cullface": "east", "rotation": 270 },
				"north": { "uv": [ 13, 15, 15, 16 ], "texture": "#post", "cullface": "east", "rotation": 90 },
				"south": { "uv": [ 13, 15, 15, 16 ], "texture": "#post", "cullface": "east", "rotation": 90 },
				"east": { "uv": [ 9, 1, 11, 3 ], "texture": "#post", "cullface": "east" }
			}
		}
	]
}