{
	"__comment": "Made by Mickey Joe Alpha - https://www.Reddit.com/user/MushirMickeyJoe",
	"textures": {
		"particle": "block/birch_door_bottom",
		"sides": "block/birch_door_sides",
		"ends": "block/birch_door_ends"
	},
	"elements": [ 	 
		{
			"from": [ 0, 12, 0 ],
			"to": [ 3, 16, 3 ],
			"faces": {
				"north": { "uv": [ 6, 0, 9, 4 ], "texture": "#sides", "cullface": "north" },
				"south": { "uv": [ 2, 0, 3, 4 ], "texture": "#particle" },
				"west": { "uv": [ 0, 0, 3, 4 ], "texture": "#particle", "cullface": "west" },
				"east": { "uv": [ 3, 0, 0, 4 ], "texture": "#particle" }
			}
		},
		{
			"from": [ 0, 12, 13 ],
			"to": [ 3, 16, 16 ],
			"faces": {
				"north": { "uv": [ 13, 0, 14, 4 ], "texture": "#particle" },
				"south": { "uv": [ 9, 0, 12, 4 ], "texture": "#sides", "cullface": "south" },
				"west": { "uv": [ 13, 0, 16, 4 ], "texture": "#particle", "cullface": "west" },
				"east": { "uv": [ 16, 0, 13, 4 ], "texture": "#particle" }
			}
		},
		{
			"from": [ 0, 0, 0 ],
			"to": [ 3, 12, 16 ],
			"faces": {
				"down": { "uv": [ 0, 3, 16, 6 ], "texture": "#ends", "cullface": "down", "rotation": 270 },
				"up": { "uv": [ 3, 4, 13, 5 ], "texture": "#particle", "rotation": 90 },
				"north": { "uv": [ 6, 4, 9, 16 ], "texture": "#sides" },
				"south": { "uv": [ 9, 4, 12, 16 ], "texture": "#sides" },
				"west": { "uv": [ 0, 4, 16, 16 ], "texture": "#particle", "cullface": "west" },
				"east": { "uv": [ 16, 4, 0, 16 ], "texture": "#particle" }
			}
		},
		{
			"from": [ 1, 12, 3 ],
			"to": [ 2, 16, 13 ],
			"faces": {
				"west": { "uv": [ 3, 0, 13, 4 ], "texture": "#particle" },
				"east": { "uv": [ 13, 0, 3, 4 ], "texture": "#particle" }
			}
		}
	]
}