{
	"__comment": "Made by Mickey Joe Alpha - https://www.Reddit.com/user/MushirMickeyJoe",
	"parent": "block/block",
	"textures": {
		"particle": "block/birch_trapdoor",
		"front": "block/birch_trapdoor",
		"side": "block/trapdoor_side_1"
	},
	"elements": [ 	 
		{
			"__comment": "Box2",
			"from": [ 0, 13, 13 ],
			"to": [ 16, 16, 16 ],
			"faces": {
				"down": { "uv": [ 0, 0, 16, 3 ], "texture": "#front" },
				"up": { "uv": [ 0, 0, 16, 3 ], "texture": "#front", "cullface": "up", "rotation": 180 },
				"north": { "uv": [ 0, 2, 16, 3 ], "texture": "#front" },
				"south": { "uv": [ 0, 3, 16, 6 ], "texture": "#side", "cullface": "south" },
				"west": { "uv": [ 13, 3, 16, 6 ], "texture": "#side", "cullface": "west" },
				"east": { "uv": [ 0, 3, 3, 6 ], "texture": "#side", "cullface": "east" }
			}
		},
		{
			"__comment": "Box3",
			"from": [ 13, 13, 3 ],
			"to": [ 16, 16, 13 ],
			"faces": {
				"down": { "uv": [ 16, 13, 13, 3 ], "texture": "#front", "rotation": 180 },
				"up": { "uv": [ 0, 3, 3, 13 ], "texture": "#front", "cullface": "up", "rotation": 180 },
				"west": { "uv": [ 10, 9, 0, 6 ], "texture": "#side" },
				"east": { "uv": [ 3, 3, 13, 6 ], "texture": "#side", "cullface": "east" }
			}
		},
		{
			"__comment": "Box4",
			"from": [ 0, 13, 3 ],
			"to": [ 3, 16, 13 ],
			"faces": {
				"down": { "uv": [ 0, 3, 3, 13 ], "texture": "#front" },
				"up": { "uv": [ 13, 3, 16, 13 ], "texture": "#front", "cullface": "up", "rotation": 180 },
				"west": { "uv": [ 3, 3, 13, 6 ], "texture": "#side", "cullface": "west" },
				"east": { "uv": [ 0, 6, 10, 9 ], "texture": "#side" }
			}
		},
		{
			"__comment": "Box5",
			"from": [ 0, 13, 0 ],
			"to": [ 16, 16, 3 ],
			"faces": {
				"down": { "uv": [ 16, 16, 0, 13 ], "texture": "#front", "rotation": 180 },
				"up": { "uv": [ 0, 13, 16, 16 ], "texture": "#front", "cullface": "up", "rotation": 180 },
				"north": { "uv": [ 0, 3, 16, 6 ], "texture": "#side", "cullface": "north" },
				"south": { "uv": [ 0, 13, 16, 14 ], "texture": "#front" },
				"west": { "uv": [ 0, 3, 3, 6 ], "texture": "#side", "cullface": "west" },
				"east": { "uv": [ 13, 3, 16, 6 ], "texture": "#side", "cullface": "east" }
			}
		},
		{
			"__comment": "Box6",
			"from": [ 5, 13, 3 ],
			"to": [ 11, 16, 4 ],
			"faces": {
				"down": { "uv": [ 11, 12, 5, 13 ], "texture": "#front", "rotation": 180 },
				"up": { "uv": [ 5, 12, 11, 13 ], "texture": "#front", "cullface": "up", "rotation": 180 },
				"south": { "uv": [ 11, 12, 5, 13 ], "texture": "#front" },
				"west": { "uv": [ 10, 12, 11, 13 ], "texture": "#front" },
				"east": { "uv": [ 5, 12, 6, 13 ], "texture": "#front" }
			}
		},
		{
			"__comment": "Box7",
			"from": [ 6, 16, 1 ],
			"to": [ 10, 16.875, 2 ],
			"faces": {
				"up": { "uv": [ 6, 14, 10, 15 ], "texture": "#front", "cullface": "up", "rotation": 180 },
				"north": { "uv": [ 6, 14, 10, 15 ], "texture": "#front", "cullface": "up" },
				"south": { "uv": [ 10, 14, 6, 15 ], "texture": "#front", "cullface": "up" },
				"west": { "uv": [ 9, 14, 10, 15 ], "texture": "#front", "cullface": "up" },
				"east": { "uv": [ 6, 14, 7, 15 ], "texture": "#front", "cullface": "up" }
			}
		},
		{
			"__comment": "Box8",
			"from": [ 3, 14, 3 ],
			"to": [ 13, 15, 13 ],
			"faces": {
				"down": { "uv": [ 3, 3, 13, 13 ], "texture": "#front" },
				"up": { "uv": [ 3, 3, 13, 13 ], "texture": "#front", "cullface": "up", "rotation": 180 }
			}
		},
		{
			"__comment": "Box8",
			"from": [ 6, 12, 1 ],
			"to": [ 10, 13, 2 ],
			"faces": {
				"down": { "uv": [ 6, 14, 10, 15 ], "texture": "#front" },
				"north": { "uv": [ 10, 14, 6, 15 ], "texture": "#front" },
				"south": { "uv": [ 6, 14, 10, 15 ], "texture": "#front" },
				"west": { "uv": [ 6, 14, 7, 15 ], "texture": "#front" },
				"east": { "uv": [ 9, 14, 10, 15 ], "texture": "#front" }
			}
		}
	]
}