{
	"__comment": "Made by Mickey Joe Alpha - https://www.Reddit.com/user/MushirMickeyJoe",
	"parent": "block/block",
	"textures": {
		"particle": "block/birch_trapdoor",
		"front": "block/birch_trapdoor",
		"side": "block/trapdoor_side_1"
	},
	"elements": [ 	 
		{
			"__comment": "Box2",
			"from": [ 0, 0, 13 ],
			"to": [ 16, 3, 16 ],
			"faces": {
				"down": { "uv": [ 0, 3, 16, 6 ], "texture": "#side", "cullface": "down" },
				"up": { "uv": [ 16, 3, 0, 2 ], "texture": "#front" },
				"north": { "uv": [ 16, 3, 0, 0 ], "texture": "#front" },
				"south": { "uv": [ 0, 0, 16, 3 ], "texture": "#front", "cullface": "south", "rotation": 180 },
				"west": { "uv": [ 13, 3, 16, 6 ], "texture": "#side", "cullface": "west", "rotation": 90 },
				"east": { "uv": [ 0, 3, 3, 6 ], "texture": "#side", "cullface": "east", "rotation": 270 }
			}
		},
		{
			"__comment": "Box3",
			"from": [ 13, 3, 13 ],
			"to": [ 16, 13, 16 ],
			"faces": {
				"north": { "uv": [ 13, 3, 16, 13 ], "texture": "#front", "rotation": 180 },
				"south": { "uv": [ 0, 3, 3, 13 ], "texture": "#front", "cullface": "south", "rotation": 180 },
				"west": { "uv": [ 10, 9, 0, 6 ], "texture": "#side", "rotation": 90 },
				"east": { "uv": [ 3, 3, 13, 6 ], "texture": "#side", "cullface": "east", "rotation": 270 }
			}
		},
		{
			"__comment": "Box4",
			"from": [ 0, 3, 13 ],
			"to": [ 3, 13, 16 ],
			"faces": {
				"north": { "uv": [ 3, 13, 0, 3 ], "texture": "#front" },
				"south": { "uv": [ 13, 3, 16, 13 ], "texture": "#front", "cullface": "south", "rotation": 180 },
				"west": { "uv": [ 3, 3, 13, 6 ], "texture": "#side", "cullface": "west", "rotation": 90 },
				"east": { "uv": [ 0, 6, 10, 9 ], "texture": "#side", "rotation": 270 }
			}
		},
		{
			"__comment": "Box5",
			"from": [ 0, 13, 13 ],
			"to": [ 16, 16, 16 ],
			"faces": {
				"down": { "uv": [ 0, 13, 16, 14 ], "texture": "#front" },
				"up": { "uv": [ 16, 6, 0, 3 ], "texture": "#side", "cullface": "up" },
				"north": { "uv": [ 0, 13, 16, 16 ], "texture": "#front", "rotation": 180 },
				"south": { "uv": [ 0, 13, 16, 16 ], "texture": "#front", "cullface": "south", "rotation": 180 },
				"west": { "uv": [ 0, 3, 3, 6 ], "texture": "#side", "cullface": "west", "rotation": 90 },
				"east": { "uv": [ 13, 3, 16, 6 ], "texture": "#side", "cullface": "east", "rotation": 270 }
			}
		},
		{
			"__comment": "Box6",
			"from": [ 5, 12, 13 ],
			"to": [ 11, 13, 16 ],
			"faces": {
				"down": { "uv": [ 11, 12, 5, 13 ], "texture": "#front" },
				"north": { "uv": [ 5, 13, 11, 12 ], "texture": "#front", "rotation": 180 },
				"south": { "uv": [ 5, 12, 11, 13 ], "texture": "#front", "cullface": "south", "rotation": 180 },
				"west": { "uv": [ 10, 12, 11, 13 ], "texture": "#front", "rotation": 90 },
				"east": { "uv": [ 5, 12, 6, 13 ], "texture": "#front", "rotation": 270 }
			}
		},
		{
			"__comment": "Box7",
			"from": [ 6, 14, 16 ],
			"to": [ 10, 15, 16.875 ],
			"faces": {
				"down": { "uv": [ 10, 14, 6, 15 ], "texture": "#front", "cullface": "south" },
				"up": { "uv": [ 10, 15, 6, 14 ], "texture": "#front", "cullface": "south" },
				"south": { "uv": [ 6, 14, 10, 15 ], "texture": "#front", "cullface": "south", "rotation": 180 },
				"west": { "uv": [ 9, 14, 10, 15 ], "texture": "#front", "cullface": "south", "rotation": 90 },
				"east": { "uv": [ 6, 14, 7, 15 ], "texture": "#front", "cullface": "south", "rotation": 270 }
			}
		},
		{
			"__comment": "Box8",
			"from": [ 3, 3, 14 ],
			"to": [ 13, 13, 15 ],
			"faces": {
				"north": { "uv": [ 13, 13, 3, 3 ], "texture": "#front" },
				"south": { "uv": [ 3, 3, 13, 13 ], "texture": "#front", "cullface": "south", "rotation": 180 }
			}
		},
		{
			"__comment": "Box8",
			"from": [ 6, 14, 12 ],
			"to": [ 10, 15, 13 ],
			"faces": {
				"down": { "uv": [ 6, 14, 10, 15 ], "texture": "#front" },
				"up": { "uv": [ 6, 15, 10, 14 ], "texture": "#front" },
				"north": { "uv": [ 10, 15, 6, 14 ], "texture": "#front" },
				"west": { "uv": [ 6, 14, 7, 15 ], "texture": "#front", "rotation": 90 },
				"east": { "uv": [ 9, 14, 10, 15 ], "texture": "#front", "rotation": 270 }
			}
		}
	]
}