{
	"__comment": "Made by Mickey Joe Alpha - https://www.Reddit.com/user/MushirMickeyJoe",
	"parent": "block/block",
	"textures": {
		"particle": "block/blast_furnace_side",
		"top": "block/blast_furnace_top",
		"front": "block/blast_furnace_front",
		"side": "block/blast_furnace_side",
		"bottom": "block/blast_furnace_bottom"
	},
	"elements": [ 	 
		{
			"__comment": "Box1",
			"from": [ 0, 0, 0 ],
			"to": [ 16, 16, 16 ],
			"faces": {
				"down": { "uv": [ 0, 0, 16, 16 ], "texture": "#bottom", "cullface": "down" },
				"up": { "uv": [ 0, 0, 16, 16 ], "texture": "#top", "cullface": "up" },
				"north": { "uv": [ 0, 0, 16, 16 ], "texture": "#front", "cullface": "north" },
				"south": { "uv": [ 0, 0, 16, 16 ], "texture": "#side", "cullface": "south" },
				"west": { "uv": [ 0, 0, 16, 16 ], "texture": "#side", "cullface": "west" },
				"east": { "uv": [ 0, 0, 16, 16 ], "texture": "#side", "cullface": "east" }
			}
		},
		{
			"__comment": "Box2",
			"from": [ 4, 3, -0.875 ],
			"to": [ 12, 5, 0 ],
			"faces": {
				"down": { "uv": [ 4, 12, 12, 13 ], "texture": "#front", "cullface": "north" },
				"up": { "uv": [ 12, 11, 4, 12 ], "texture": "#front", "cullface": "north" },
				"north": { "uv": [ 4, 11, 12, 13 ], "texture": "#front", "cullface": "north" },
				"west": { "uv": [ 11, 11, 12, 13 ], "texture": "#front", "cullface": "north" },
				"east": { "uv": [ 4, 11, 5, 13 ], "texture": "#front", "cullface": "north" }
			}
		},
		{
			"__comment": "Box3",
			"from": [ 4, 5, -0.875 ],
			"to": [ 5, 8, 0 ],
			"faces": {
				"north": { "uv": [ 11, 8, 12, 11 ], "texture": "#front", "cullface": "north" },
				"west": { "uv": [ 11, 8, 12, 11 ], "texture": "#front", "cullface": "north" },
				"east": { "uv": [ 11, 8, 12, 11 ], "texture": "#front", "cullface": "north" }
			}
		},
		{
			"__comment": "Box4",
			"from": [ 6, 5, -0.875 ],
			"to": [ 7, 8, 0 ],
			"faces": {
				"north": { "uv": [ 9, 8, 10, 11 ], "texture": "#front", "cullface": "north" },
				"west": { "uv": [ 9, 8, 10, 11 ], "texture": "#front", "cullface": "north" },
				"east": { "uv": [ 9, 8, 10, 11 ], "texture": "#front", "cullface": "north" }
			}
		},
		{
			"__comment": "Box5",
			"from": [ 8, 5, -0.875 ],
			"to": [ 9, 8, 0 ],
			"faces": {
				"north": { "uv": [ 7, 8, 8, 11 ], "texture": "#front", "cullface": "north" },
				"west": { "uv": [ 7, 8, 8, 11 ], "texture": "#front", "cullface": "north" },
				"east": { "uv": [ 7, 8, 8, 11 ], "texture": "#front", "cullface": "north" }
			}
		},
		{
			"__comment": "Box6",
			"from": [ 10, 5, -0.875 ],
			"to": [ 12, 8, 0 ],
			"faces": {
				"north": { "uv": [ 4, 8, 6, 11 ], "texture": "#front", "cullface": "north" },
				"west": { "uv": [ 5, 8, 6, 11 ], "texture": "#front", "cullface": "north" },
				"east": { "uv": [ 4, 8, 5, 11 ], "texture": "#front", "cullface": "north" }
			}
		},
		{
			"__comment": "Box7",
			"from": [ 4, 8, -0.875 ],
			"to": [ 12, 9, 0 ],
			"faces": {
				"down": { "uv": [ 12, 7, 4, 8 ], "texture": "#front", "cullface": "north" },
				"up": { "uv": [ 12, 7, 4, 8 ], "texture": "#front", "cullface": "north" },
				"north": { "uv": [ 4, 7, 12, 8 ], "texture": "#front", "cullface": "north" },
				"west": { "uv": [ 11, 7, 12, 8 ], "texture": "#front", "cullface": "north" },
				"east": { "uv": [ 4, 7, 5, 8 ], "texture": "#front", "cullface": "north" }
			}
		}
	]
}