{
	"__comment": "Made by Mickey Joe Alpha - https://www.Reddit.com/user/MushirMickeyJoe",
	"parent": "block/block",
	"textures": {
		"particle": "block/bookshelf",
		"shelf": "block/bookshelf",
		"planks": "block/oak_planks"
	},
	"elements": [ 	 
		{
			"__comment": "Box1",
			"from": [ 0, 0, 0 ],
			"to": [ 16, 1, 16 ],
			"faces": {
				"down": { "uv": [ 0, 0, 16, 16 ], "texture": "#planks", "cullface": "down" },
				"up": { "uv": [ 0, 0, 16, 16 ], "texture": "#planks" },
				"north": { "uv": [ 0, 15, 16, 16 ], "texture": "#shelf", "cullface": "north" },
				"south": { "uv": [ 0, 15, 16, 16 ], "texture": "#shelf", "cullface": "south" },
				"west": { "uv": [ 0, 15, 16, 16 ], "texture": "#shelf", "cullface": "west" },
				"east": { "uv": [ 0, 15, 16, 16 ], "texture": "#shelf", "cullface": "east" }
			}
		},
		{
			"__comment": "Box2",
			"from": [ 1, 1, 1 ],
			"to": [ 15, 15, 15 ],
			"faces": {
				"north": { "uv": [ 1, 1, 15, 15 ], "texture": "#shelf", "cullface": "north" },
				"south": { "uv": [ 1, 1, 15, 15 ], "texture": "#shelf", "cullface": "south" },
				"west": { "uv": [ 1, 1, 15, 15 ], "texture": "#shelf", "cullface": "west" },
				"east": { "uv": [ 1, 1, 15, 15 ], "texture": "#shelf", "cullface": "east" }
			}
		},
		{
			"__comment": "Box3",
			"from": [ 0, 15, 0 ],
			"to": [ 16, 16, 16 ],
			"faces": {
				"down": { "uv": [ 0, 0, 16, 16 ], "texture": "#planks" },
				"up": { "uv": [ 0, 0, 16, 16 ], "texture": "#planks", "cullface": "up" },
				"north": { "uv": [ 0, 0, 16, 1 ], "texture": "#shelf", "cullface": "north" },
				"south": { "uv": [ 0, 0, 16, 1 ], "texture": "#shelf", "cullface": "south" },
				"west": { "uv": [ 0, 0, 16, 1 ], "texture": "#shelf", "cullface": "west" },
				"east": { "uv": [ 0, 0, 16, 1 ], "texture": "#shelf", "cullface": "east" }
			}
		},
		{
			"__comment": "Box4",
			"from": [ 0, 1, 0 ],
			"to": [ 1, 15, 1 ],
			"faces": {
				"north": { "uv": [ 15, 1, 16, 15 ], "texture": "#shelf", "cullface": "north" },
				"south": { "uv": [ 0, 1, 1, 15 ], "texture": "#shelf", "cullface": "west" },
				"west": { "uv": [ 0, 1, 1, 15 ], "texture": "#shelf", "cullface": "west" },
				"east": { "uv": [ 15, 1, 16, 15 ], "texture": "#shelf", "cullface": "north" }
			}
		},
		{
			"__comment": "Box5",
			"from": [ 15, 1, 0 ],
			"to": [ 16, 15, 1 ],
			"faces": {
				"north": { "uv": [ 0, 1, 1, 15 ], "texture": "#shelf", "cullface": "north" },
				"south": { "uv": [ 15, 1, 16, 15 ], "texture": "#shelf", "cullface": "east" },
				"west": { "uv": [ 0, 1, 1, 15 ], "texture": "#shelf", "cullface": "north" },
				"east": { "uv": [ 15, 1, 16, 15 ], "texture": "#shelf", "cullface": "east" }
			}
		},
		{
			"__comment": "Box6",
			"from": [ 0, 1, 15 ],
			"to": [ 1, 15, 16 ],
			"faces": {
				"north": { "uv": [ 15, 1, 16, 15 ], "texture": "#shelf", "cullface": "west" },
				"south": { "uv": [ 0, 1, 1, 15 ], "texture": "#shelf", "cullface": "south" },
				"west": { "uv": [ 15, 1, 16, 15 ], "texture": "#shelf", "cullface": "west" },
				"east": { "uv": [ 0, 1, 1, 15 ], "texture": "#shelf", "cullface": "south" }
			}
		},
		{
			"__comment": "Box7",
			"from": [ 15, 1, 15 ],
			"to": [ 16, 15, 16 ],
			"faces": {
				"north": { "uv": [ 0, 1, 1, 15 ], "texture": "#shelf", "cullface": "east" },
				"south": { "uv": [ 15, 1, 16, 15 ], "texture": "#shelf", "cullface": "south" },
				"west": { "uv": [ 15, 1, 16, 15 ], "texture": "#shelf", "cullface": "south" },
				"east": { "uv": [ 0, 1, 1, 15 ], "texture": "#shelf", "cullface": "east" }
			}
		},
		{
			"__comment": "Box8",
			"from": [ 0, 7, 0 ],
			"to": [ 16, 9, 16 ],
			"faces": {
				"down": { "uv": [ 0, 0, 16, 16 ], "texture": "#planks" },
				"up": { "uv": [ 0, 0, 16, 16 ], "texture": "#planks" },
				"north": { "uv": [ 0, 7, 16, 9 ], "texture": "#shelf", "cullface": "north" },
				"south": { "uv": [ 0, 7, 16, 9 ], "texture": "#shelf", "cullface": "south" },
				"west": { "uv": [ 0, 7, 16, 9 ], "texture": "#shelf", "cullface": "west" },
				"east": { "uv": [ 0, 7, 16, 9 ], "texture": "#shelf", "cullface": "east" }
			}
		}
	]
}