{
	"__comment": "Made by Mickey Joe Alpha - https://www.Reddit.com/user/MushirMickeyJoe",
	"textures": {
		"particle": "block/brewing_stand",
		"stand": "block/brewing_stand"
	},
	"elements": [ 	 
		{
			"__comment": "Box2",
			"from": [ 9, 3, 7.5 ],
			"to": [ 11, 14, 8.5 ],
			"faces": {
				"down": { "uv": [ 9, 7.5, 11, 8.5 ], "texture": "#stand" },
				"up": { "uv": [ 9, 2, 11, 3 ], "texture": "#stand" },
				"north": { "uv": [ 11, 2, 9, 13 ], "texture": "#stand" },
				"south": { "uv": [ 9, 2, 11, 13 ], "texture": "#stand" },
				"west": { "uv": [ 9, 2, 10, 13 ], "texture": "#stand" },
				"east": { "uv": [ 10, 2, 11, 13 ], "texture": "#stand" }
			}
		},
		{
			"__comment": "Box3",
			"from": [ 11, 12, 7.5 ],
			"to": [ 12, 14, 8.5 ],
			"faces": {
				"down": { "uv": [ 11, 3, 12, 4 ], "texture": "#stand" },
				"up": { "uv": [ 11, 2, 12, 3 ], "texture": "#stand" },
				"north": { "uv": [ 11, 2, 12, 4 ], "texture": "#stand" },
				"south": { "uv": [ 11, 2, 12, 4 ], "texture": "#stand" }
			}
		},
		{
			"__comment": "Box4",
			"from": [ 12, 7, 7.5 ],
			"to": [ 13, 16, 8.5 ],
			"faces": {
				"down": { "uv": [ 12, 8, 13, 9 ], "texture": "#stand" },
				"up": { "uv": [ 12, 0, 13, 1 ], "texture": "#stand", "cullface": "up" },
				"north": { "uv": [ 12, 0, 13, 9 ], "texture": "#stand" },
				"south": { "uv": [ 12, 0, 13, 9 ], "texture": "#stand" },
				"west": { "uv": [ 12, 0, 13, 9 ], "texture": "#stand" },
				"east": { "uv": [ 12, 0, 13, 9 ], "texture": "#stand" }
			}
		}
	]
}