{
	"__comment": "Made by Mickey Joe Alpha - https://www.Reddit.com/user/MushirMickeyJoe",
	"textures": {
		"particle": "block/brewing_stand",
		"stand": "block/brewing_stand"
	},
	"elements": [ 	 
		{
			"__comment": "Box2",
			"from": [ 9, 3, 7.5 ],
			"to": [ 11, 14, 8.5 ],
			"faces": {
				"down": { "uv": [ 9, 7.5, 11, 8.5 ], "texture": "#stand" },
				"up": { "uv": [ 9, 2, 11, 3 ], "texture": "#stand" },
				"north": { "uv": [ 5, 2, 7, 13 ], "texture": "#stand" },
				"south": { "uv": [ 7, 2, 5, 13 ], "texture": "#stand" },
				"west": { "uv": [ 6, 2, 7, 13 ], "texture": "#stand" },
				"east": { "uv": [ 5, 2, 6, 13 ], "texture": "#stand" }
			}
		},
		{
			"__comment": "Box3",
			"from": [ 11, 12, 7.5 ],
			"to": [ 12, 14, 8.5 ],
			"faces": {
				"down": { "uv": [ 4, 3, 5, 4 ], "texture": "#stand" },
				"up": { "uv": [ 4, 2, 5, 3 ], "texture": "#stand" },
				"north": { "uv": [ 4, 2, 5, 4 ], "texture": "#stand" },
				"south": { "uv": [ 4, 2, 5, 4 ], "texture": "#stand" }
			}
		},
		{
			"__comment": "Box4",
			"from": [ 12, 10, 7.5 ],
			"to": [ 13, 16, 8.5 ],
			"faces": {
				"down": { "uv": [ 3, 5, 4, 6 ], "texture": "#stand" },
				"up": { "uv": [ 3, 0, 4, 1 ], "texture": "#stand", "cullface": "up" },
				"north": { "uv": [ 3, 0, 4, 6 ], "texture": "#stand" },
				"south": { "uv": [ 3, 0, 4, 6 ], "texture": "#stand" },
				"west": { "uv": [ 3, 0, 4, 6 ], "texture": "#stand" },
				"east": { "uv": [ 3, 0, 4, 6 ], "texture": "#stand" }
			}
		},
		{
			"__comment": "Box4",
			"from": [ 13, 9, 7.5 ],
			"to": [ 14, 10, 8.5 ],
			"faces": {
				"down": { "uv": [ 2, 6, 3, 7 ], "texture": "#stand" },
				"up": { "uv": [ 2, 6, 3, 7 ], "texture": "#stand" },
				"north": { "uv": [ 2, 6, 3, 7 ], "texture": "#stand" },
				"south": { "uv": [ 2, 6, 3, 7 ], "texture": "#stand" },
				"west": { "uv": [ 2, 6, 3, 7 ], "texture": "#stand" },
				"east": { "uv": [ 2, 6, 3, 7 ], "texture": "#stand" }
			}
		},
		{
			"__comment": "PlaneX5",
			"from": [ 15.25, 2, 6.25 ],
			"to": [ 15.251, 9, 11.25 ],
			"rotation": { "origin": [ 15.25, 2, 6.25 ], "axis": "y", "angle": -45 },
			"faces": {
				"west": { "uv": [ 0, 7, 5, 14 ], "texture": "#stand" },
				"east": { "uv": [ 0, 7, 5, 14 ], "texture": "#stand" }
			}
		},
		{
			"__comment": "PlaneZ6",
			"from": [ 11.75, 2, 6.25 ],
			"to": [ 16.75, 9, 6.251 ],
			"rotation": { "origin": [ 11.75, 2, 6.25 ], "axis": "y", "angle": -45 },
			"faces": {
				"north": { "uv": [ 0, 7, 5, 14 ], "texture": "#stand" },
				"south": { "uv": [ 0, 7, 5, 14 ], "texture": "#stand" }
			}
		}
	]
}