{
	"__comment": "Made by Mickey Joe Alpha - https://www.Reddit.com/user/MushirMickeyJoe",
	"textures": {
		"particle": "block/brown_mushroom"
	},
	"elements": [ 	 
		{
			"from": [ 7, 0, 7 ],
			"to": [ 9, 3, 9 ],
			"faces": {
				"down": { "uv": [ 10, 8, 12, 10 ], "texture": "#particle", "cullface": "down" },
				"north": { "uv": [ 8, 12, 10, 15 ], "texture": "#particle" },
				"south": { "uv": [ 8, 12, 10, 15 ], "texture": "#particle" },
				"west": { "uv": [ 8, 12, 10, 15 ], "texture": "#particle" },
				"east": { "uv": [ 8, 12, 10, 15 ], "texture": "#particle" }
			}
		},
		{
			"from": [ 4, 3, 4 ],
			"to": [ 12, 5, 12 ],
			"faces": {
				"down": { "uv": [ 8, 0, 16, 8 ], "texture": "#particle" },
				"up": { "uv": [ 0, 0, 8, 8 ], "texture": "#particle" },
				"north": { "uv": [ 0, 8, 8, 10 ], "texture": "#particle" },
				"south": { "uv": [ 0, 10, 8, 12 ], "texture": "#particle" },
				"west": { "uv": [ 0, 8, 8, 10 ], "texture": "#particle" },
				"east": { "uv": [ 0, 8, 8, 10 ], "texture": "#particle" }
			}
		}
	]
}