{
	"__comment": "Made by Mickey Joe Alpha - https://www.Reddit.com/user/MushirMickeyJoe",
	"parent": "block/block",
	"textures": {
		"particle": "block/campfire_log",
		"lit_log": "block/campfire_log_lit",
		"fire": "block/campfire_fire"
	},
	"elements": [ 	 
		{
			"from": [ 1, 0, 0 ],
			"to": [ 5, 4, 16 ],
			"faces": {
				"down": { "uv": [ 0, 0, 16, 4 ], "texture": "#particle", "cullface": "down", "rotation": 90 },
				"up": { "uv": [ 0, 4, 16, 0 ], "texture": "#lit_log", "rotation": 90 },
				"north": { "uv": [ 0, 4, 4, 8 ], "texture": "#particle", "cullface": "north" },
				"south": { "uv": [ 0, 4, 4, 8 ], "texture": "#particle", "cullface": "south" },
				"west": { "uv": [ 16, 0, 0, 4 ], "texture": "#particle" },
				"east": { "uv": [ 16, 4, 0, 8 ], "texture": "#lit_log" }
			}
		},
		{
			"from": [ 0, 3, 11 ],
			"to": [ 16, 7, 15 ],
			"faces": {
				"down": { "uv": [ 0, 4, 16, 8 ], "texture": "#lit_log" },
				"up": { "uv": [ 0, 0, 16, 4 ], "texture": "#particle", "rotation": 180 },
				"north": { "uv": [ 16, 0, 0, 4 ], "texture": "#lit_log" },
				"south": { "uv": [ 0, 0, 16, 4 ], "texture": "#lit_log" },
				"west": { "uv": [ 0, 4, 4, 8 ], "texture": "#particle", "cullface": "west" },
				"east": { "uv": [ 0, 4, 4, 8 ], "texture": "#particle", "cullface": "east" }
			}
		},
		{
			"from": [ 11, 0, 0 ],
			"to": [ 15, 4, 16 ],
			"faces": {
				"down": { "uv": [ 0, 0, 16, 4 ], "texture": "#particle", "cullface": "down", "rotation": 90 },
				"up": { "uv": [ 16, 0, 0, 4 ], "texture": "#lit_log", "rotation": 90 },
				"north": { "uv": [ 0, 4, 4, 8 ], "texture": "#particle", "cullface": "north" },
				"south": { "uv": [ 0, 4, 4, 8 ], "texture": "#particle", "cullface": "south" },
				"west": { "uv": [ 16, 4, 0, 8 ], "texture": "#lit_log" },
				"east": { "uv": [ 0, 0, 16, 4 ], "texture": "#particle" }
			}
		},
		{
			"from": [ 0, 3, 1 ],
			"to": [ 16, 7, 5 ],
			"faces": {
				"down": { "uv": [ 0, 4, 16, 8 ], "texture": "#lit_log" },
				"up": { "uv": [ 0, 0, 16, 4 ], "texture": "#particle", "rotation": 180 },
				"north": { "uv": [ 0, 0, 16, 4 ], "texture": "#lit_log" },
				"south": { "uv": [ 16, 0, 0, 4 ], "texture": "#lit_log" },
				"west": { "uv": [ 0, 4, 4, 8 ], "texture": "#particle", "cullface": "west" },
				"east": { "uv": [ 0, 4, 4, 8 ], "texture": "#particle", "cullface": "east" }
			}
		},
		{
			"from": [ 5, 0, 1 ],
			"to": [ 11, 1, 15 ],
			"faces": {
				"down": { "uv": [ 1, 8, 15, 14 ], "texture": "#particle", "cullface": "down", "rotation": 90 },
				"up": { "uv": [ 1, 8, 15, 14 ], "texture": "#lit_log", "rotation": 90 },
				"north": { "uv": [ 0, 15, 6, 16 ], "texture": "#particle", "cullface": "north" },
				"south": { "uv": [ 10, 15, 16, 16 ], "texture": "#particle", "cullface": "south" }
			}
		},
		{
			"from": [ 0.8, 1, 8 ],
			"to": [ 15.2, 17, 8.001 ],
			"rotation": { "origin": [ 8, 8, 8 ], "axis": "y", "angle": 45, "rescale": true },
			"shade": false,
			"faces": {
				"north": { "uv": [ 0, 0, 16, 16 ], "texture": "#fire" },
				"south": { "uv": [ 0, 0, 16, 16 ], "texture": "#fire" }
			}
		},
		{
			"from": [ 8, 1, 0.8 ],
			"to": [ 8.001, 17, 15.2 ],
			"rotation": { "origin": [ 8, 8, 8 ], "axis": "y", "angle": 45, "rescale": true },
			"shade": false,
			"faces": {
				"west": { "uv": [ 0, 0, 16, 16 ], "texture": "#fire" },
				"east": { "uv": [ 0, 0, 16, 16 ], "texture": "#fire" }
			}
		}
	],
	"display": {
		"head": {
			"translation":  [ 0, 10.5, 0 ]
		}
	}
}