{
	"__comment": "Made by Mickey Joe Alpha - https://www.Reddit.com/user/MushirMickeyJoe",
	"ambientocclusion": false,
	"textures": {
		"particle": "block/carrots_0"
	},
	"elements": [ 	 
		{
			"from": [ 5.75, -1.0312, 2.25 ],
			"to": [ 5.751, 0.9688001, 7.25 ],
			"rotation": { "origin": [ 5.75, -1.0312, 2.25 ], "axis": "y", "angle": -45 },
			"shade": false,
			"faces": {
				"west": { "uv": [ 0, 14, 5, 16 ], "texture": "#particle" },
				"east": { "uv": [ 0, 14, 5, 16 ], "texture": "#particle" }
			}
		},
		{
			"from": [ 3.25, -1.0312, 4.75 ],
			"to": [ 8.25, 0.9688003, 4.751 ],
			"rotation": { "origin": [ 5.75, -1.0312, 2.25 ], "axis": "y", "angle": -45 },
			"shade": false,
			"faces": {
				"north": { "uv": [ 0, 14, 5, 16 ], "texture": "#particle" },
				"south": { "uv": [ 0, 14, 5, 16 ], "texture": "#particle" }
			}
		},
		{
			"from": [ 7.75, -1.0312, 10.25 ],
			"to": [ 7.751, 0.9688001, 15.25 ],
			"rotation": { "origin": [ 7.75, -1.0312, 10.25 ], "axis": "y", "angle": -45 },
			"shade": false,
			"faces": {
				"west": { "uv": [ 0, 14, 5, 16 ], "texture": "#particle" },
				"east": { "uv": [ 0, 14, 5, 16 ], "texture": "#particle" }
			}
		},
		{
			"from": [ 5.25, -1.0312, 12.75 ],
			"to": [ 10.25, 0.9688003, 12.751 ],
			"rotation": { "origin": [ 7.75, -1.0312, 10.25 ], "axis": "y", "angle": -45 },
			"shade": false,
			"faces": {
				"north": { "uv": [ 0, 14, 5, 16 ], "texture": "#particle" },
				"south": { "uv": [ 0, 14, 5, 16 ], "texture": "#particle" }
			}
		},
		{
			"from": [ 12.7495, -1.0312, 6.2505 ],
			"to": [ 12.7505, 0.9688001, 11.2505 ],
			"rotation": { "origin": [ 10.25, -1.0312, 8.75 ], "axis": "y", "angle": 45 },
			"shade": false,
			"faces": {
				"west": { "uv": [ 0, 14, 5, 16 ], "texture": "#particle" },
				"east": { "uv": [ 0, 14, 5, 16 ], "texture": "#particle" }
			}
		},
		{
			"from": [ 11.25, -1.0312, 6.249 ],
			"to": [ 16.25, 0.9688003, 6.25 ],
			"rotation": { "origin": [ 13.75, -1.0312, 8.75 ], "axis": "y", "angle": 45 },
			"shade": false,
			"faces": {
				"north": { "uv": [ 0, 14, 5, 16 ], "texture": "#particle" },
				"south": { "uv": [ 0, 14, 5, 16 ], "texture": "#particle" }
			}
		}
	]
}