{
	"__comment": "Made by Mickey Joe Alpha - https://www.Reddit.com/user/MushirMickeyJoe",
	"ambientocclusion": false,
	"textures": {
		"particle": "block/carrots_0"
	},
	"elements": [ 	 
		{
			"from": [ 3, -0.9687999, 3 ],
			"to": [ 5, -0.9678001, 5 ],
			"faces": {
				"up": { "uv": [ 14, 14, 16, 16 ], "texture": "#particle" }
			}
		},
		{
			"from": [ 5, -0.9687999, 11 ],
			"to": [ 7, -0.9678001, 13 ],
			"faces": {
				"up": { "uv": [ 14, 14, 16, 16 ], "texture": "#particle" }
			}
		},
		{
			"from": [ 11, -0.9687999, 6 ],
			"to": [ 13, -0.9678001, 8 ],
			"faces": {
				"up": { "uv": [ 14, 14, 16, 16 ], "texture": "#particle" }
			}
		},
		{
			"from": [ 5.375, -0.9687999, -3.6562 ],
			"to": [ 5.376, 4.0312, 5.3438 ],
			"rotation": { "origin": [ 0.875, -0.96875, 0.84375 ], "axis": "y", "angle": -45 },
			"shade": false,
			"faces": {
				"west": { "uv": [ 7, 5, 16, 10 ], "texture": "#particle" },
				"east": { "uv": [ 7, 5, 16, 10 ], "texture": "#particle" }
			}
		},
		{
			"from": [ 0.875, -0.9687999, 0.8438 ],
			"to": [ 9.875, 4.0312, 0.8448 ],
			"rotation": { "origin": [ 0.875, -0.96875, 0.84375 ], "axis": "y", "angle": -45 },
			"shade": false,
			"faces": {
				"north": { "uv": [ 7, 5, 16, 10 ], "texture": "#particle" },
				"south": { "uv": [ 7, 5, 16, 10 ], "texture": "#particle" }
			}
		},
		{
			"from": [ 2.875, -0.9687999, 8.875 ],
			"to": [ 11.875, 4.0312, 8.876 ],
			"rotation": { "origin": [ 2.875, -0.96875, 8.875 ], "axis": "y", "angle": -45 },
			"shade": false,
			"faces": {
				"north": { "uv": [ 7, 5, 16, 10 ], "texture": "#particle" },
				"south": { "uv": [ 7, 5, 16, 10 ], "texture": "#particle" }
			}
		},
		{
			"from": [ 7.375, -0.9687999, 4.375 ],
			"to": [ 7.376, 4.0312, 13.375 ],
			"rotation": { "origin": [ 2.875, -0.96875, 8.875 ], "axis": "y", "angle": -45 },
			"shade": false,
			"faces": {
				"west": { "uv": [ 7, 5, 16, 10 ], "texture": "#particle" },
				"east": { "uv": [ 7, 5, 16, 10 ], "texture": "#particle" }
			}
		},
		{
			"from": [ 8.875, -0.9687999, 3.875 ],
			"to": [ 17.875, 4.0312, 3.876 ],
			"rotation": { "origin": [ 8.875, -0.96875, 3.875 ], "axis": "y", "angle": -45 },
			"shade": false,
			"faces": {
				"north": { "uv": [ 7, 5, 16, 10 ], "texture": "#particle" },
				"south": { "uv": [ 7, 5, 16, 10 ], "texture": "#particle" }
			}
		},
		{
			"from": [ 13.375, -0.9687999, -0.625 ],
			"to": [ 13.376, 4.0312, 8.375 ],
			"rotation": { "origin": [ 8.875, -0.96875, 3.875 ], "axis": "y", "angle": -45 },
			"shade": false,
			"faces": {
				"west": { "uv": [ 7, 5, 16, 10 ], "texture": "#particle" },
				"east": { "uv": [ 7, 5, 16, 10 ], "texture": "#particle" }
			}
		}
	]
}