{
	"__comment": "Made by Mickey Joe Alpha - https://www.Reddit.com/user/MushirMickeyJoe",
	"ambientocclusion": false,
	"textures": {
		"particle": "block/carrots_1"
	},
	"elements": [ 	 
		{
			"from": [ 2.5, -1, 2.5 ],
			"to": [ 5.5, 0, 5.5 ],
			"faces": {
				"up": { "uv": [ 0, 13, 3, 16 ], "texture": "#particle", "rotation": 180 },
				"north": { "uv": [ 3, 15, 6, 16 ], "texture": "#particle" },
				"south": { "uv": [ 3, 15, 6, 16 ], "texture": "#particle" },
				"west": { "uv": [ 3, 15, 6, 16 ], "texture": "#particle" },
				"east": { "uv": [ 3, 15, 6, 16 ], "texture": "#particle" }
			}
		},
		{
			"from": [ 10.5, -1, 5.5 ],
			"to": [ 13.5, 0, 8.5 ],
			"faces": {
				"up": { "uv": [ 0, 13, 3, 16 ], "texture": "#particle", "rotation": 180 },
				"north": { "uv": [ 3, 15, 6, 16 ], "texture": "#particle" },
				"south": { "uv": [ 3, 15, 6, 16 ], "texture": "#particle" },
				"west": { "uv": [ 3, 15, 6, 16 ], "texture": "#particle" },
				"east": { "uv": [ 3, 15, 6, 16 ], "texture": "#particle" }
			}
		},
		{
			"from": [ 4.5, -1, 10.5 ],
			"to": [ 7.5, 0, 13.5 ],
			"faces": {
				"up": { "uv": [ 0, 13, 3, 16 ], "texture": "#particle", "rotation": 180 },
				"north": { "uv": [ 3, 15, 6, 16 ], "texture": "#particle" },
				"south": { "uv": [ 3, 15, 6, 16 ], "texture": "#particle" },
				"west": { "uv": [ 3, 15, 6, 16 ], "texture": "#particle" },
				"east": { "uv": [ 3, 15, 6, 16 ], "texture": "#particle" }
			}
		},
		{
			"from": [ -2, 0, 5 ],
			"to": [ 5, 8, 5.001 ],
			"rotation": { "origin": [ 1.5, 0, 1.5 ], "axis": "y", "angle": 45 },
			"shade": false,
			"faces": {
				"north": { "uv": [ 0, 5, 7, 13 ], "texture": "#particle" },
				"south": { "uv": [ 0, 5, 7, 13 ], "texture": "#particle" }
			}
		},
		{
			"from": [ 1.5, 0, 1.5 ],
			"to": [ 1.501, 8, 8.5 ],
			"rotation": { "origin": [ 1.5, 0, 1.5 ], "axis": "y", "angle": 45 },
			"shade": false,
			"faces": {
				"west": { "uv": [ 0, 5, 7, 13 ], "texture": "#particle" },
				"east": { "uv": [ 0, 5, 7, 13 ], "texture": "#particle" }
			}
		},
		{
			"from": [ 3.5, 0, 9.5 ],
			"to": [ 3.501, 8, 16.5 ],
			"rotation": { "origin": [ 3.5, 0, 9.5 ], "axis": "y", "angle": 45 },
			"shade": false,
			"faces": {
				"west": { "uv": [ 0, 5, 7, 13 ], "texture": "#particle" },
				"east": { "uv": [ 0, 5, 7, 13 ], "texture": "#particle" }
			}
		},
		{
			"from": [ 0, 0, 13 ],
			"to": [ 7, 8, 13.001 ],
			"rotation": { "origin": [ 3.5, 0, 9.5 ], "axis": "y", "angle": 45 },
			"shade": false,
			"faces": {
				"north": { "uv": [ 0, 5, 7, 13 ], "texture": "#particle" },
				"south": { "uv": [ 0, 5, 7, 13 ], "texture": "#particle" }
			}
		},
		{
			"from": [ 9.625, 0, 4.5 ],
			"to": [ 9.626, 8, 11.5 ],
			"rotation": { "origin": [ 9.625, 0, 4.5 ], "axis": "y", "angle": 45 },
			"shade": false,
			"faces": {
				"west": { "uv": [ 0, 5, 7, 13 ], "texture": "#particle" },
				"east": { "uv": [ 0, 5, 7, 13 ], "texture": "#particle" }
			}
		},
		{
			"from": [ 6.125, 0, 8 ],
			"to": [ 13.125, 8, 8.001 ],
			"rotation": { "origin": [ 9.625, 0, 4.5 ], "axis": "y", "angle": 45 },
			"shade": false,
			"faces": {
				"north": { "uv": [ 0, 5, 7, 13 ], "texture": "#particle" },
				"south": { "uv": [ 0, 5, 7, 13 ], "texture": "#particle" }
			}
		}
	]
}