{
	"__comment": "Made by Mickey Joe Alpha - https://www.Reddit.com/user/MushirMickeyJoe",
	"ambientocclusion": false,
	"textures": {
		"particle": "block/carrots_0"
	},
	"elements": [ 	 
		{
			"from": [ 5.75, -1.0312, 2.25 ],
			"to": [ 5.751, 1.9688, 7.25 ],
			"rotation": { "origin": [ 5.75, -1.0312, 2.25 ], "axis": "y", "angle": -45 },
			"shade": false,
			"faces": {
				"west": { "uv": [ 0, 11, 5, 14 ], "texture": "#particle" },
				"east": { "uv": [ 0, 11, 5, 14 ], "texture": "#particle" }
			}
		},
		{
			"from": [ 3.3055, -1.0312, 4.6945 ],
			"to": [ 8.194508, 1.9688, 4.6955 ],
			"rotation": { "origin": [ 5.75, -1.0312, 2.25 ], "axis": "y", "angle": -45 },
			"shade": false,
			"faces": {
				"north": { "uv": [ 0, 11, 5, 14 ], "texture": "#particle" },
				"south": { "uv": [ 0, 11, 5, 14 ], "texture": "#particle" }
			}
		},
		{
			"from": [ 7.75, -1.0312, 10.25 ],
			"to": [ 7.751, 1.9688, 15.25 ],
			"rotation": { "origin": [ 7.75, -1.0312, 10.25 ], "axis": "y", "angle": -45 },
			"shade": false,
			"faces": {
				"west": { "uv": [ 0, 11, 5, 14 ], "texture": "#particle" },
				"east": { "uv": [ 0, 11, 5, 14 ], "texture": "#particle" }
			}
		},
		{
			"from": [ 5.3055, -1.0312, 12.6945 ],
			"to": [ 10.19451, 1.9688, 12.6955 ],
			"rotation": { "origin": [ 7.75, -1.0312, 10.25 ], "axis": "y", "angle": -45 },
			"shade": false,
			"faces": {
				"north": { "uv": [ 0, 11, 5, 14 ], "texture": "#particle" },
				"south": { "uv": [ 0, 11, 5, 14 ], "texture": "#particle" }
			}
		},
		{
			"from": [ 12.7495, -1.0312, 6.2505 ],
			"to": [ 12.7505, 1.9688, 11.2505 ],
			"rotation": { "origin": [ 10.25, -1.0312, 8.75 ], "axis": "y", "angle": 45 },
			"shade": false,
			"faces": {
				"west": { "uv": [ 0, 11, 5, 14 ], "texture": "#particle" },
				"east": { "uv": [ 0, 11, 5, 14 ], "texture": "#particle" }
			}
		},
		{
			"from": [ 11.3055, -1.0312, 6.3045 ],
			"to": [ 16.19451, 1.9688, 6.3055 ],
			"rotation": { "origin": [ 13.75, -1.0312, 8.75 ], "axis": "y", "angle": 45 },
			"shade": false,
			"faces": {
				"north": { "uv": [ 0, 11, 5, 14 ], "texture": "#particle" },
				"south": { "uv": [ 0, 11, 5, 14 ], "texture": "#particle" }
			}
		}
	]
}