{
	"__comment": "Made by Mickey Joe Alpha - https://www.Reddit.com/user/MushirMickeyJoe",
	"textures": {
		"particle": "block/pumpkin_side",
		"face": "block/carved_pumpkin_1",
		"inside": "block/carved_pumpkin_inside_1"
	},
	"elements": [ 	 
		{
			"from": [ 0, 0, 1 ],
			"to": [ 16, 16, 1.001 ],
			"shade": false,
			"faces": {
				"north": { "uv": [ 0, 0, 16, 16 ], "texture": "#inside", "cullface": "north" }
			}
		},
		{
			"from": [ 0, 0, 16 ],
			"to": [ 16, 16, 16.001 ],
			"faces": {
				"south": { "uv": [ 0, 0, 16, 16 ], "texture": "#particle", "cullface": "south" }
			}
		},
		{
			"from": [ 0, 0, 0 ],
			"to": [ 0.001, 16, 16 ],
			"faces": {
				"west": { "uv": [ 0, 0, 16, 16 ], "texture": "#particle", "cullface": "west" }
			}
		},
		{
			"from": [ 16, 0, 0 ],
			"to": [ 16.001, 16, 16 ],
			"faces": {
				"east": { "uv": [ 0, 0, 16, 16 ], "texture": "#particle", "cullface": "east" }
			}
		},
		{
			"from": [ 0, 13, 0 ],
			"to": [ 16, 16, 0.001 ],
			"faces": {
				"north": { "uv": [ 0, 0, 16, 3 ], "texture": "#face", "cullface": "north" }
			}
		},
		{
			"from": [ 0, 12, 0 ],
			"to": [ 4, 13, 0.001 ],
			"faces": {
				"north": { "uv": [ 12, 3, 16, 4 ], "texture": "#face", "cullface": "north" }
			}
		},
		{
			"from": [ 6, 12, 0 ],
			"to": [ 10, 13, 0.001 ],
			"faces": {
				"north": { "uv": [ 6, 3, 10, 4 ], "texture": "#face", "cullface": "north" }
			}
		},
		{
			"from": [ 12, 12, 0 ],
			"to": [ 16, 13, 0.001 ],
			"faces": {
				"north": { "uv": [ 0, 3, 4, 4 ], "texture": "#face", "cullface": "north" }
			}
		},
		{
			"from": [ 0, 11, 0 ],
			"to": [ 3, 12, 0.001 ],
			"faces": {
				"north": { "uv": [ 13, 4, 16, 5 ], "texture": "#face", "cullface": "north" }
			}
		},
		{
			"from": [ 13, 11, 0 ],
			"to": [ 16, 12, 0.001 ],
			"faces": {
				"north": { "uv": [ 0, 4, 3, 5 ], "texture": "#face", "cullface": "north" }
			}
		},
		{
			"from": [ 7, 9, 0 ],
			"to": [ 9, 12, 0.001 ],
			"faces": {
				"north": { "uv": [ 7, 4, 9, 7 ], "texture": "#face", "cullface": "north" }
			}
		},
		{
			"from": [ 0, 8, 0 ],
			"to": [ 2, 11, 0.001 ],
			"faces": {
				"north": { "uv": [ 14, 5, 16, 8 ], "texture": "#face", "cullface": "north" }
			}
		},
		{
			"from": [ 14, 9, 0 ],
			"to": [ 16, 11, 0.001 ],
			"faces": {
				"north": { "uv": [ 0, 5, 2, 7 ], "texture": "#face", "cullface": "north" }
			}
		},
		{
			"from": [ 13, 7, 0 ],
			"to": [ 16, 9, 0.001 ],
			"faces": {
				"north": { "uv": [ 0, 7, 3, 9 ], "texture": "#face", "cullface": "north" }
			}
		},
		{
			"from": [ 6, 8, 0 ],
			"to": [ 10, 9, 0.001 ],
			"faces": {
				"north": { "uv": [ 6, 7, 10, 8 ], "texture": "#face", "cullface": "north" }
			}
		},
		{
			"from": [ 5, 7, 0 ],
			"to": [ 11, 8, 0.001 ],
			"faces": {
				"north": { "uv": [ 5, 8, 11, 9 ], "texture": "#face", "cullface": "north" }
			}
		},
		{
			"from": [ 0, 7, 0 ],
			"to": [ 3, 8, 0.001 ],
			"faces": {
				"north": { "uv": [ 13, 8, 16, 9 ], "texture": "#face", "cullface": "north" }
			}
		},
		{
			"from": [ 0, 6, 0 ],
			"to": [ 16, 7, 0.001 ],
			"faces": {
				"north": { "uv": [ 0, 9, 16, 10 ], "texture": "#face", "cullface": "north" }
			}
		},
		{
			"from": [ 0, 3, 0 ],
			"to": [ 2, 6, 0.001 ],
			"faces": {
				"north": { "uv": [ 14, 10, 16, 13 ], "texture": "#face", "cullface": "north" }
			}
		},
		{
			"from": [ 3, 5, 0 ],
			"to": [ 4, 6, 0.001 ],
			"faces": {
				"north": { "uv": [ 12, 10, 13, 11 ], "texture": "#face", "cullface": "north" }
			}
		},
		{
			"from": [ 6, 5, 0 ],
			"to": [ 7, 6, 0.001 ],
			"faces": {
				"north": { "uv": [ 9, 10, 10, 11 ], "texture": "#face", "cullface": "north" }
			}
		},
		{
			"from": [ 8, 5, 0 ],
			"to": [ 11, 6, 0.001 ],
			"faces": {
				"north": { "uv": [ 5, 10, 8, 11 ], "texture": "#face", "cullface": "north" }
			}
		},
		{
			"from": [ 9, 4, 0 ],
			"to": [ 10, 5, 0.001 ],
			"faces": {
				"north": { "uv": [ 6, 11, 7, 12 ], "texture": "#face", "cullface": "north" }
			}
		},
		{
			"from": [ 12, 5, 0 ],
			"to": [ 16, 6, 0.001 ],
			"faces": {
				"north": { "uv": [ 0, 10, 4, 11 ], "texture": "#face", "cullface": "north" }
			}
		},
		{
			"from": [ 13, 2, 0 ],
			"to": [ 16, 5, 0.001 ],
			"faces": {
				"north": { "uv": [ 0, 11, 3, 14 ], "texture": "#face", "cullface": "north" }
			}
		},
		{
			"from": [ 0, 0, 0 ],
			"to": [ 16, 2, 0.001 ],
			"faces": {
				"north": { "uv": [ 0, 14, 16, 16 ], "texture": "#face", "cullface": "north" }
			}
		},
		{
			"from": [ 0, 2, 0 ],
			"to": [ 3, 3, 0.001 ],
			"faces": {
				"north": { "uv": [ 13, 13, 16, 14 ], "texture": "#face", "cullface": "north" }
			}
		},
		{
			"from": [ 4, 2, 0 ],
			"to": [ 7, 3, 0.001 ],
			"faces": {
				"north": { "uv": [ 9, 13, 12, 14 ], "texture": "#face", "cullface": "north" }
			}
		},
		{
			"from": [ 5, 3, 0 ],
			"to": [ 6, 4, 0.001 ],
			"faces": {
				"north": { "uv": [ 10, 12, 11, 13 ], "texture": "#face", "cullface": "north" }
			}
		},
		{
			"from": [ 8, 2, 0 ],
			"to": [ 9, 3, 0.001 ],
			"faces": {
				"north": { "uv": [ 7, 13, 8, 14 ], "texture": "#face", "cullface": "north" }
			}
		},
		{
			"from": [ 11, 2, 0 ],
			"to": [ 12, 3, 0.001 ],
			"faces": {
				"north": { "uv": [ 4, 13, 5, 14 ], "texture": "#face", "cullface": "north" }
			}
		},
		{
			"from": [ 16, 0, 0 ],
			"to": [ 16.001, 16, 16 ],
			"shade": false,
			"faces": {
				"west": { "uv": [ 0, 0, 16, 16 ], "texture": "#inside", "cullface": "north" }
			}
		},
		{
			"from": [ 0, 0, 0 ],
			"to": [ 0.001, 16, 16 ],
			"shade": false,
			"faces": {
				"east": { "uv": [ 0, 0, 16, 16 ], "texture": "#inside", "cullface": "north" }
			}
		}
	]
}