{
	"__comment": "Made by Mickey Joe Alpha - https://www.Reddit.com/user/MushirMickeyJoe",
	"parent": "block/block",
	"textures": {
		"top": "block/cauldron_top",
		"bottom": "block/cauldron_bottom",
		"particle": "block/cauldron_side",
		"inside": "block/cauldron_inner"
	},
	"elements": [ 	 
		{
			"from": [ 0, 3, 0 ],
			"to": [ 2, 16, 16 ],
			"faces": {
				"down": { "uv": [ 0, 0, 2, 16 ], "texture": "#inside" },
				"up": { "uv": [ 0, 0, 2, 16 ], "texture": "#top", "cullface": "up" },
				"north": { "uv": [ 14, 0, 16, 13 ], "texture": "#particle", "cullface": "north" },
				"south": { "uv": [ 0, 0, 2, 13 ], "texture": "#particle", "cullface": "south" },
				"west": { "uv": [ 0, 0, 16, 13 ], "texture": "#particle", "cullface": "west" },
				"east": { "uv": [ 0, 0, 16, 13 ], "texture": "#particle", "cullface": "up" }
			}
		},
		{
			"from": [ 2, 3, 2 ],
			"to": [ 14, 4, 14 ],
			"faces": {
				"down": { "uv": [ 2, 2, 14, 14 ], "texture": "#inside" },
				"up": { "uv": [ 2, 2, 14, 14 ], "texture": "#inside", "cullface": "up" }
			}
		},
		{
			"from": [ 14, 3, 0 ],
			"to": [ 16, 16, 16 ],
			"faces": {
				"down": { "uv": [ 14, 0, 16, 16 ], "texture": "#inside" },
				"up": { "uv": [ 14, 0, 16, 16 ], "texture": "#top", "cullface": "up" },
				"north": { "uv": [ 0, 0, 2, 13 ], "texture": "#particle", "cullface": "north" },
				"south": { "uv": [ 14, 0, 16, 13 ], "texture": "#particle", "cullface": "south" },
				"west": { "uv": [ 0, 0, 16, 13 ], "texture": "#particle", "cullface": "up" },
				"east": { "uv": [ 0, 0, 16, 13 ], "texture": "#particle", "cullface": "east" }
			}
		},
		{
			"from": [ 2, 3, 0 ],
			"to": [ 14, 16, 2 ],
			"faces": {
				"down": { "uv": [ 2, 14, 14, 16 ], "texture": "#inside" },
				"up": { "uv": [ 2, 0, 14, 2 ], "texture": "#top", "cullface": "up" },
				"north": { "uv": [ 2, 0, 14, 13 ], "texture": "#particle", "cullface": "north" },
				"south": { "uv": [ 2, 0, 14, 13 ], "texture": "#particle", "cullface": "up" }
			}
		},
		{
			"from": [ 2, 3, 14 ],
			"to": [ 14, 16, 16 ],
			"faces": {
				"down": { "uv": [ 2, 0, 14, 2 ], "texture": "#inside" },
				"up": { "uv": [ 2, 14, 14, 16 ], "texture": "#top", "cullface": "up" },
				"north": { "uv": [ 2, 0, 14, 13 ], "texture": "#particle", "cullface": "up" },
				"south": { "uv": [ 2, 0, 14, 13 ], "texture": "#particle", "cullface": "south" }
			}
		},
		{
			"from": [ 0, 0, 0 ],
			"to": [ 4, 3, 4 ],
			"faces": {
				"down": { "uv": [ 0, 12, 4, 16 ], "texture": "#bottom", "cullface": "down" },
				"north": { "uv": [ 12, 13, 16, 16 ], "texture": "#particle", "cullface": "north" },
				"south": { "uv": [ 0, 13, 4, 16 ], "texture": "#particle" },
				"west": { "uv": [ 0, 13, 4, 16 ], "texture": "#particle", "cullface": "west" },
				"east": { "uv": [ 12, 13, 16, 16 ], "texture": "#particle" }
			}
		},
		{
			"from": [ 12, 0, 0 ],
			"to": [ 16, 3, 4 ],
			"faces": {
				"down": { "uv": [ 12, 12, 16, 16 ], "texture": "#bottom", "cullface": "down" },
				"north": { "uv": [ 0, 13, 4, 16 ], "texture": "#particle", "cullface": "north" },
				"south": { "uv": [ 12, 13, 16, 16 ], "texture": "#particle" },
				"west": { "uv": [ 0, 13, 2, 16 ], "texture": "#particle" },
				"east": { "uv": [ 14, 13, 16, 16 ], "texture": "#particle", "cullface": "east" }
			}
		},
		{
			"from": [ 0, 0, 12 ],
			"to": [ 4, 3, 16 ],
			"faces": {
				"down": { "uv": [ 0, 0, 4, 4 ], "texture": "#bottom", "cullface": "down" },
				"north": { "uv": [ 12, 13, 16, 16 ], "texture": "#particle" },
				"south": { "uv": [ 0, 13, 4, 16 ], "texture": "#particle", "cullface": "south" },
				"west": { "uv": [ 12, 13, 16, 16 ], "texture": "#particle", "cullface": "west" },
				"east": { "uv": [ 0, 13, 4, 16 ], "texture": "#particle" }
			}
		},
		{
			"from": [ 12, 0, 12 ],
			"to": [ 16, 3, 16 ],
			"faces": {
				"down": { "uv": [ 12, 0, 16, 4 ], "texture": "#bottom", "cullface": "down" },
				"north": { "uv": [ 0, 13, 4, 16 ], "texture": "#particle" },
				"south": { "uv": [ 12, 13, 16, 16 ], "texture": "#particle", "cullface": "south" },
				"west": { "uv": [ 12, 13, 16, 16 ], "texture": "#particle" },
				"east": { "uv": [ 0, 13, 4, 16 ], "texture": "#particle", "cullface": "east" }
			}
		}
	]
}