{
	"__comment": "Made by Mickey Joe Alpha - https://www.Reddit.com/user/MushirMickeyJoe",
	"parent": "block/block",
	"textures": {
		"particle": "block/crimson_trapdoor",
		"sides": "block/crimson_trapdoor_sides"
	},
	"elements": [ 	 
		{
			"from": [ 0, 0, 0 ],
			"to": [ 3, 3, 16 ],
			"faces": {
				"down": { "uv": [ 13, 16, 16, 0 ], "texture": "#particle", "cullface": "down", "rotation": 180 },
				"up": { "uv": [ 16, 0, 13, 16 ], "texture": "#particle" },
				"north": { "uv": [ 13, 0, 16, 3 ], "texture": "#sides", "cullface": "north" },
				"south": { "uv": [ 0, 0, 3, 3 ], "texture": "#sides", "cullface": "south" },
				"west": { "uv": [ 0, 0, 16, 3 ], "texture": "#sides", "cullface": "west" },
				"east": { "uv": [ 0, 0, 16, 3 ], "texture": "#sides" }
			}
		},
		{
			"from": [ 13, 0, 0 ],
			"to": [ 16, 3, 16 ],
			"faces": {
				"down": { "uv": [ 0, 16, 3, 0 ], "texture": "#particle", "cullface": "down", "rotation": 180 },
				"up": { "uv": [ 3, 0, 0, 16 ], "texture": "#particle" },
				"north": { "uv": [ 0, 0, 3, 3 ], "texture": "#sides", "cullface": "north" },
				"south": { "uv": [ 13, 0, 16, 3 ], "texture": "#sides", "cullface": "south" },
				"west": { "uv": [ 0, 0, 16, 3 ], "texture": "#sides" },
				"east": { "uv": [ 0, 0, 16, 3 ], "texture": "#sides", "cullface": "east" }
			}
		},
		{
			"from": [ 3, 0, 0 ],
			"to": [ 13, 3, 3 ],
			"faces": {
				"down": { "uv": [ 3, 3, 13, 0 ], "texture": "#particle", "cullface": "down", "rotation": 180 },
				"up": { "uv": [ 13, 0, 3, 3 ], "texture": "#particle" },
				"north": { "uv": [ 3, 0, 13, 3 ], "texture": "#sides", "cullface": "north" },
				"south": { "uv": [ 3, 0, 13, 3 ], "texture": "#particle", "rotation": 180 }
			}
		},
		{
			"from": [ 3, 0, 13 ],
			"to": [ 13, 3, 16 ],
			"faces": {
				"down": { "uv": [ 3, 16, 13, 13 ], "texture": "#particle", "cullface": "down", "rotation": 180 },
				"up": { "uv": [ 13, 13, 3, 16 ], "texture": "#particle" },
				"north": { "uv": [ 3, 13, 13, 16 ], "texture": "#particle" },
				"south": { "uv": [ 3, 0, 13, 3 ], "texture": "#sides", "cullface": "south" }
			}
		},
		{
			"from": [ 3, 0, 4 ],
			"to": [ 13, 3, 7 ],
			"faces": {
				"down": { "uv": [ 3, 7, 13, 4 ], "texture": "#particle", "cullface": "down", "rotation": 180 },
				"up": { "uv": [ 13, 4, 3, 7 ], "texture": "#particle" },
				"north": { "uv": [ 3, 4, 13, 7 ], "texture": "#particle" },
				"south": { "uv": [ 3, 4, 13, 7 ], "texture": "#particle" }
			}
		},
		{
			"from": [ 3, 0, 9 ],
			"to": [ 13, 3, 12 ],
			"faces": {
				"down": { "uv": [ 3, 12, 13, 9 ], "texture": "#particle", "cullface": "down", "rotation": 180 },
				"up": { "uv": [ 13, 9, 3, 12 ], "texture": "#particle" },
				"north": { "uv": [ 3, 9, 13, 12 ], "texture": "#particle" },
				"south": { "uv": [ 13, 12, 3, 9 ], "texture": "#particle" }
			}
		}
	],
	"display": {
		"thirdperson_righthand": {
			"rotation":  [ 75, 45, 0 ],
			"translation":  [ 0, 2.5, 1.5 ],
			"scale":  [ 0.375, 0.375, 0.375 ]
		},
		"thirdperson_lefthand": {
			"rotation":  [ 75, 45, 0 ],
			"translation":  [ 0, 2.5, 1.5 ],
			"scale":  [ 0.375, 0.375, 0.375 ]
		},
		"firstperson_righthand": {
			"rotation":  [ 0, 45, 0 ],
			"translation":  [ 0, 3, 0 ],
			"scale":  [ 0.4, 0.4, 0.4 ]
		},
		"firstperson_lefthand": {
			"rotation":  [ 0, 45, 0 ],
			"translation":  [ 0, 3, 0 ],
			"scale":  [ 0.4, 0.4, 0.4 ]
		},
		"gui": {
			"rotation":  [ 30, 225, 0 ],
			"translation":  [ 0, 3, 0 ],
			"scale":  [ 0.625, 0.625, 0.625 ]
		},
		"head": {
			"rotation":  [ 90, 180, 0 ]
		},
		"ground": {
			"translation":  [ 0, 3, 0 ],
			"scale":  [ 0.25, 0.25, 0.25 ]
		},
		"fixed": {
			"translation":  [ 0, 3, 0 ],
			"scale":  [ 0.5, 0.5, 0.5 ]
		}
	}
}