{
	"__comment": "Designed by MushirMickeyJoe with Cubik Studio - https://cubik.studio",
	"textures": {
		"particle": "block/crimson_fungus"
	},
	"elements": [ 	 
		{
			"from": [ 6.5, 2, 5.5 ],
			"to": [ 11.5, 9, 10.5 ],
			"faces": {
				"down": { "uv": [ 5, 0, 10, 5 ], "texture": "#particle" },
				"up": { "uv": [ 0, 0, 5, 5 ], "texture": "#particle" },
				"north": { "uv": [ 0, 5, 5, 12 ], "texture": "#particle" },
				"south": { "uv": [ 0, 5, 5, 12 ], "texture": "#particle" },
				"west": { "uv": [ 5, 5, 10, 12 ], "texture": "#particle" },
				"east": { "uv": [ 5, 5, 10, 12 ], "texture": "#particle" }
			}
		},
		{
			"from": [ 8, 0, 7 ],
			"to": [ 10, 2, 9 ],
			"faces": {
				"down": { "uv": [ 12, 0, 14, 2 ], "texture": "#particle", "cullface": "down" },
				"north": { "uv": [ 10, 4, 12, 6 ], "texture": "#particle" },
				"south": { "uv": [ 10, 4, 12, 6 ], "texture": "#particle" },
				"west": { "uv": [ 10, 4, 12, 6 ], "texture": "#particle" },
				"east": { "uv": [ 10, 4, 12, 6 ], "texture": "#particle" }
			}
		}
	]
}