{
	"__comment": "Made by Mickey Joe Alpha - https://www.Reddit.com/user/MushirMickeyJoe",
	"parent": "block/block",
	"textures": {
		"particle": "block/crimson_trapdoor",
		"sides": "block/crimson_trapdoor_sides"
	},
	"elements": [ 	 
		{
			"from": [ 13, 0, 13 ],
			"to": [ 16, 16, 16 ],
			"faces": {
				"down": { "uv": [ 3, 3, 0, 0 ], "texture": "#sides", "cullface": "down" },
				"up": { "uv": [ 13, 0, 16, 3 ], "texture": "#sides", "cullface": "up" },
				"north": { "uv": [ 13, 16, 16, 0 ], "texture": "#particle", "rotation": 180 },
				"south": { "uv": [ 13, 16, 16, 0 ], "texture": "#particle", "cullface": "south" },
				"west": { "uv": [ 0, 0, 16, 3 ], "texture": "#sides", "rotation": 270 },
				"east": { "uv": [ 0, 0, 16, 3 ], "texture": "#sides", "cullface": "east", "rotation": 90 }
			}
		},
		{
			"from": [ 0, 0, 13 ],
			"to": [ 3, 16, 16 ],
			"faces": {
				"down": { "uv": [ 16, 3, 13, 0 ], "texture": "#sides", "cullface": "down" },
				"up": { "uv": [ 0, 0, 3, 3 ], "texture": "#sides", "cullface": "up" },
				"north": { "uv": [ 0, 16, 3, 0 ], "texture": "#particle", "rotation": 180 },
				"south": { "uv": [ 0, 16, 3, 0 ], "texture": "#particle", "cullface": "south" },
				"west": { "uv": [ 0, 0, 16, 3 ], "texture": "#sides", "cullface": "west", "rotation": 270 },
				"east": { "uv": [ 0, 0, 16, 3 ], "texture": "#sides", "rotation": 90 }
			}
		},
		{
			"from": [ 3, 13, 13 ],
			"to": [ 13, 16, 16 ],
			"faces": {
				"down": { "uv": [ 3, 0, 13, 3 ], "texture": "#particle" },
				"up": { "uv": [ 3, 0, 13, 3 ], "texture": "#sides", "cullface": "up" },
				"north": { "uv": [ 3, 3, 13, 0 ], "texture": "#particle", "rotation": 180 },
				"south": { "uv": [ 3, 3, 13, 0 ], "texture": "#particle", "cullface": "south" }
			}
		},
		{
			"from": [ 3, 0, 13 ],
			"to": [ 13, 3, 16 ],
			"faces": {
				"down": { "uv": [ 13, 3, 3, 0 ], "texture": "#sides", "cullface": "down" },
				"up": { "uv": [ 3, 13, 13, 16 ], "texture": "#particle" },
				"north": { "uv": [ 3, 16, 13, 13 ], "texture": "#particle", "rotation": 180 },
				"south": { "uv": [ 3, 16, 13, 13 ], "texture": "#particle", "cullface": "south" }
			}
		},
		{
			"from": [ 3, 9, 13 ],
			"to": [ 13, 12, 16 ],
			"faces": {
				"down": { "uv": [ 13, 7, 3, 4 ], "texture": "#particle" },
				"up": { "uv": [ 3, 4, 13, 7 ], "texture": "#particle" },
				"north": { "uv": [ 3, 7, 13, 4 ], "texture": "#particle", "rotation": 180 },
				"south": { "uv": [ 3, 7, 13, 4 ], "texture": "#particle", "cullface": "south" }
			}
		},
		{
			"from": [ 3, 4, 13 ],
			"to": [ 13, 7, 16 ],
			"faces": {
				"down": { "uv": [ 3, 9, 13, 12 ], "texture": "#particle" },
				"up": { "uv": [ 3, 9, 13, 12 ], "texture": "#particle" },
				"north": { "uv": [ 3, 12, 13, 9 ], "texture": "#particle", "rotation": 180 },
				"south": { "uv": [ 3, 12, 13, 9 ], "texture": "#particle", "cullface": "south" }
			}
		}
	]
}