{
	"__comment": "Made by Mickey Joe Alpha - https://www.Reddit.com/user/MushirMickeyJoe",
	"textures": {
		"particle": "block/dark_oak_trapdoor",
		"front": "block/dark_oak_trapdoor",
		"side": "block/trapdoor_side_2"
	},
	"elements": [ 	 
		{
			"__comment": "Box1",
			"from": [ 0, 0, 14 ],
			"to": [ 16, 3, 16 ],
			"faces": {
				"down": { "uv": [ 16, 2, 0, 0 ], "texture": "#front", "cullface": "down", "rotation": 180 },
				"up": { "uv": [ 0, 0, 16, 2 ], "texture": "#front", "rotation": 180 },
				"north": { "uv": [ 0, 1, 16, 2 ], "texture": "#front" },
				"south": { "uv": [ 0, 0, 16, 3 ], "texture": "#side", "cullface": "south" },
				"west": { "uv": [ 14, 0, 16, 3 ], "texture": "#side", "cullface": "west" },
				"east": { "uv": [ 0, 0, 2, 3 ], "texture": "#side", "cullface": "east" }
			}
		},
		{
			"__comment": "Box2",
			"from": [ 14, 0, 2 ],
			"to": [ 16, 3, 14 ],
			"faces": {
				"down": { "uv": [ 16, 14, 14, 2 ], "texture": "#front", "cullface": "down", "rotation": 180 },
				"up": { "uv": [ 0, 2, 2, 14 ], "texture": "#front", "rotation": 180 },
				"west": { "uv": [ 2, 3, 14, 0 ], "texture": "#side" },
				"east": { "uv": [ 2, 0, 14, 3 ], "texture": "#side", "cullface": "east" }
			}
		},
		{
			"__comment": "Box3",
			"from": [ 6, 0, 2 ],
			"to": [ 10, 3, 14 ],
			"faces": {
				"down": { "uv": [ 10, 14, 6, 2 ], "texture": "#front", "cullface": "down", "rotation": 180 },
				"up": { "uv": [ 6, 2, 10, 14 ], "texture": "#front", "rotation": 180 },
				"west": { "uv": [ 2, 3, 14, 0 ], "texture": "#side" },
				"east": { "uv": [ 2, 0, 14, 3 ], "texture": "#side" }
			}
		},
		{
			"__comment": "Box4",
			"from": [ 0, 0, 2 ],
			"to": [ 2, 3, 14 ],
			"faces": {
				"down": { "uv": [ 2, 14, 0, 2 ], "texture": "#front", "cullface": "down", "rotation": 180 },
				"up": { "uv": [ 14, 2, 16, 14 ], "texture": "#front", "rotation": 180 },
				"west": { "uv": [ 2, 0, 14, 3 ], "texture": "#side", "cullface": "west" },
				"east": { "uv": [ 2, 0, 14, 3 ], "texture": "#side" }
			}
		},
		{
			"__comment": "Box5",
			"from": [ 10, 0, 6 ],
			"to": [ 14, 3, 10 ],
			"faces": {
				"down": { "uv": [ 14, 10, 10, 6 ], "texture": "#front", "cullface": "down", "rotation": 180 },
				"up": { "uv": [ 2, 6, 6, 10 ], "texture": "#front", "rotation": 180 },
				"north": { "uv": [ 2, 3, 6, 2 ], "texture": "#side" },
				"south": { "uv": [ 14, 0, 10, 1 ], "texture": "#side" }
			}
		},
		{
			"__comment": "Box6",
			"from": [ 2, 0, 6 ],
			"to": [ 6, 3, 10 ],
			"faces": {
				"down": { "uv": [ 6, 10, 2, 6 ], "texture": "#front", "cullface": "down", "rotation": 180 },
				"up": { "uv": [ 10, 6, 14, 10 ], "texture": "#front", "rotation": 180 },
				"north": { "uv": [ 7, 3, 11, 2 ], "texture": "#side" },
				"south": { "uv": [ 6, 0, 2, 1 ], "texture": "#side" }
			}
		},
		{
			"__comment": "Box7",
			"from": [ 0, 0, 0 ],
			"to": [ 16, 3, 2 ],
			"faces": {
				"down": { "uv": [ 16, 16, 0, 14 ], "texture": "#front", "cullface": "down", "rotation": 180 },
				"up": { "uv": [ 0, 14, 16, 16 ], "texture": "#front", "rotation": 180 },
				"north": { "uv": [ 0, 0, 16, 3 ], "texture": "#side", "cullface": "north" },
				"south": { "uv": [ 16, 14, 0, 15 ], "texture": "#front" },
				"west": { "uv": [ 0, 0, 2, 3 ], "texture": "#side", "cullface": "west" },
				"east": { "uv": [ 14, 0, 16, 3 ], "texture": "#side", "cullface": "east" }
			}
		},
		{
			"__comment": "Box8",
			"from": [ 2, 1, 2 ],
			"to": [ 14, 2, 14 ],
			"faces": {
				"down": { "uv": [ 14, 14, 2, 2 ], "texture": "#front", "cullface": "down", "rotation": 180 },
				"up": { "uv": [ 2, 2, 14, 14 ], "texture": "#front", "rotation": 180 }
			}
		}
	],
	"display": {
		"thirdperson_righthand": {
			"rotation":  [ 75, 45, 0 ],
			"translation":  [ 0, 2.5, 1.5 ],
			"scale":  [ 0.375, 0.375, 0.375 ]
		},
		"thirdperson_lefthand": {
			"rotation":  [ 75, 45, 0 ],
			"translation":  [ 0, 2.5, 1.5 ],
			"scale":  [ 0.375, 0.375, 0.375 ]
		},
		"firstperson_righthand": {
			"rotation":  [ 0, 45, 0 ],
			"translation":  [ 0, 3, 0 ],
			"scale":  [ 0.4, 0.4, 0.4 ]
		},
		"firstperson_lefthand": {
			"rotation":  [ 0, 45, 0 ],
			"translation":  [ 0, 3, 0 ],
			"scale":  [ 0.4, 0.4, 0.4 ]
		},
		"gui": {
			"rotation":  [ 30, 225, 0 ],
			"translation":  [ 0, 3, 0 ],
			"scale":  [ 0.625, 0.625, 0.625 ]
		},
		"head": {
			"rotation":  [ 90, 180, 0 ]
		},
		"ground": {
			"translation":  [ 0, 3, 0 ],
			"scale":  [ 0.25, 0.25, 0.25 ]
		},
		"fixed": {
			"translation":  [ 0, 3, 0 ],
			"scale":  [ 0.5, 0.5, 0.5 ]
		}
	}
}