{
	"__comment": "Made by Mickey Joe Alpha - https://www.Reddit.com/user/MushirMickeyJoe",
	"textures": {
		"particle": "block/dark_oak_door_bottom",
		"sides": "block/dark_oak_door_sides",
		"ends": "block/dark_oak_door_ends"
	},
	"elements": [ 	 
		{
			"from": [ 1, 3, 3 ],
			"to": [ 2, 14, 13 ],
			"faces": {
				"west": { "uv": [ 3, 2, 13, 13 ], "texture": "#particle", "cullface": "west" },
				"east": { "uv": [ 13, 2, 3, 13 ], "texture": "#particle" }
			}
		},
		{
			"from": [ 0, 0, 0 ],
			"to": [ 3, 3, 16 ],
			"faces": {
				"down": { "uv": [ 0, 3, 16, 6 ], "texture": "#ends", "cullface": "down", "rotation": 270 },
				"up": { "uv": [ 0, 13, 16, 14 ], "texture": "#particle", "rotation": 90 },
				"north": { "uv": [ 6, 13, 9, 16 ], "texture": "#sides", "cullface": "north" },
				"south": { "uv": [ 9, 13, 12, 16 ], "texture": "#sides", "cullface": "south" },
				"west": { "uv": [ 0, 13, 16, 16 ], "texture": "#particle", "cullface": "west" },
				"east": { "uv": [ 16, 13, 0, 16 ], "texture": "#particle" }
			}
		},
		{
			"from": [ 0, 14, 0 ],
			"to": [ 3, 16, 16 ],
			"faces": {
				"down": { "uv": [ 0, 1, 16, 2 ], "texture": "#particle", "rotation": 270 },
				"north": { "uv": [ 6, 0, 9, 2 ], "texture": "#sides", "cullface": "north" },
				"south": { "uv": [ 9, 0, 12, 2 ], "texture": "#sides", "cullface": "south" },
				"west": { "uv": [ 0, 0, 16, 2 ], "texture": "#particle", "cullface": "west" },
				"east": { "uv": [ 16, 0, 0, 2 ], "texture": "#particle" }
			}
		},
		{
			"from": [ 0, 3, 0 ],
			"to": [ 3, 14, 3 ],
			"faces": {
				"north": { "uv": [ 6, 2, 9, 13 ], "texture": "#sides", "cullface": "north" },
				"south": { "uv": [ 3, 2, 2, 13 ], "texture": "#particle" },
				"west": { "uv": [ 0, 2, 3, 13 ], "texture": "#particle", "cullface": "west" },
				"east": { "uv": [ 3, 2, 0, 13 ], "texture": "#particle" }
			}
		},
		{
			"from": [ 0, 3, 13 ],
			"to": [ 3, 14, 16 ],
			"faces": {
				"north": { "uv": [ 13, 2, 14, 13 ], "texture": "#particle" },
				"south": { "uv": [ 9, 2, 12, 13 ], "texture": "#sides", "cullface": "south" },
				"west": { "uv": [ 13, 2, 16, 13 ], "texture": "#particle", "cullface": "west" },
				"east": { "uv": [ 16, 2, 13, 13 ], "texture": "#particle" }
			}
		},
		{
			"from": [ 0, 3, 6 ],
			"to": [ 3, 14, 10 ],
			"faces": {
				"north": { "uv": [ 6, 2, 7, 13 ], "texture": "#particle" },
				"south": { "uv": [ 9, 2, 10, 13 ], "texture": "#particle" },
				"west": { "uv": [ 6, 2, 10, 13 ], "texture": "#particle", "cullface": "west" },
				"east": { "uv": [ 10, 2, 6, 13 ], "texture": "#particle" }
			}
		},
		{
			"from": [ -0.9687999, 15, 11 ],
			"to": [ 3.9687, 16, 12 ],
			"faces": {
				"down": { "uv": [ 11, 0, 12, 1 ], "texture": "#particle" },
				"north": { "uv": [ 11, 0, 12, 1 ], "texture": "#particle" },
				"south": { "uv": [ 11, 0, 12, 1 ], "texture": "#particle" },
				"west": { "uv": [ 11, 0, 12, 1 ], "texture": "#particle", "cullface": "west" },
				"east": { "uv": [ 11, 0, 12, 1 ], "texture": "#particle" }
			}
		}
	]
}