{
	"__comment": "Made by Mickey Joe Alpha - https://www.Reddit.com/user/MushirMickeyJoe",
	"textures": {
		"particle": "block/dark_oak_door_top",
		"sides": "block/dark_oak_door_sides",
		"ends": "block/dark_oak_door_ends"
	},
	"elements": [ 	 
		{
			"from": [ 1, 2, 3 ],
			"to": [ 2, 13, 13 ],
			"faces": {
				"west": { "uv": [ 13, 3, 3, 14 ], "texture": "#particle", "cullface": "west" },
				"east": { "uv": [ 3, 3, 13, 14 ], "texture": "#particle" }
			}
		},
		{
			"from": [ 0, 0, 0 ],
			"to": [ 3, 2, 16 ],
			"faces": {
				"up": { "uv": [ 0, 14, 16, 15 ], "texture": "#particle", "rotation": 270 },
				"north": { "uv": [ 3, 14, 6, 16 ], "texture": "#sides", "cullface": "north" },
				"south": { "uv": [ 0, 14, 3, 16 ], "texture": "#sides", "cullface": "south" },
				"west": { "uv": [ 16, 14, 0, 16 ], "texture": "#particle", "cullface": "west" },
				"east": { "uv": [ 0, 14, 16, 16 ], "texture": "#particle" }
			}
		},
		{
			"from": [ 0, 13, 0 ],
			"to": [ 3, 16, 16 ],
			"faces": {
				"down": { "uv": [ 0, 2, 16, 3 ], "texture": "#particle", "rotation": 90 },
				"up": { "uv": [ 0, 0, 16, 3 ], "texture": "#ends", "cullface": "up", "rotation": 270 },
				"north": { "uv": [ 3, 0, 6, 3 ], "texture": "#sides", "cullface": "north" },
				"south": { "uv": [ 0, 0, 3, 3 ], "texture": "#sides", "cullface": "south" },
				"west": { "uv": [ 16, 0, 0, 3 ], "texture": "#particle", "cullface": "west" },
				"east": { "uv": [ 0, 0, 16, 3 ], "texture": "#particle" }
			}
		},
		{
			"from": [ 0, 2, 13 ],
			"to": [ 3, 13, 16 ],
			"faces": {
				"north": { "uv": [ 3, 3, 2, 14 ], "texture": "#particle" },
				"south": { "uv": [ 0, 3, 3, 14 ], "texture": "#sides", "cullface": "south" },
				"west": { "uv": [ 3, 3, 0, 14 ], "texture": "#particle", "cullface": "west" },
				"east": { "uv": [ 0, 3, 3, 14 ], "texture": "#particle" }
			}
		},
		{
			"from": [ 0, 2, 0 ],
			"to": [ 3, 13, 3 ],
			"faces": {
				"north": { "uv": [ 3, 3, 6, 14 ], "texture": "#sides", "cullface": "north" },
				"south": { "uv": [ 13, 3, 14, 14 ], "texture": "#particle" },
				"west": { "uv": [ 16, 3, 13, 14 ], "texture": "#particle", "cullface": "west" },
				"east": { "uv": [ 13, 3, 16, 14 ], "texture": "#particle" }
			}
		},
		{
			"from": [ 0, 2, 6 ],
			"to": [ 3, 13, 10 ],
			"faces": {
				"north": { "uv": [ 9, 3, 10, 14 ], "texture": "#particle" },
				"south": { "uv": [ 6, 3, 7, 14 ], "texture": "#particle" },
				"west": { "uv": [ 10, 3, 6, 14 ], "texture": "#particle", "cullface": "west" },
				"east": { "uv": [ 6, 3, 10, 14 ], "texture": "#particle" }
			}
		},
		{
			"from": [ -0.9687999, 0, 2 ],
			"to": [ 3.9687, 1, 5 ],
			"faces": {
				"down": { "uv": [ 11, 15, 14, 16 ], "texture": "#particle", "rotation": 90 },
				"up": { "uv": [ 11, 15, 14, 16 ], "texture": "#particle", "rotation": 270 },
				"north": { "uv": [ 13, 15, 14, 16 ], "texture": "#particle" },
				"south": { "uv": [ 11, 15, 12, 16 ], "texture": "#particle" },
				"west": { "uv": [ 14, 15, 11, 16 ], "texture": "#particle", "cullface": "west" },
				"east": { "uv": [ 11, 15, 14, 16 ], "texture": "#particle" }
			}
		}
	]
}