{
	"__comment": "Made by Mickey Joe Alpha - https://www.Reddit.com/user/MushirMickeyJoe",
	"parent": "block/block",
	"textures": {
		"particle": "block/furnace_side",
		"top": "block/furnace_top",
		"front": "block/dropper_front",
		"bottom": "block/furnace_bottom",
		"inside": "block/furnace_misc"
	},
	"elements": [ 	 
		{
			"from": [ 0, 0, 0 ],
			"to": [ 16, 4, 16 ],
			"faces": {
				"down": { "uv": [ 0, 0, 16, 16 ], "texture": "#bottom", "cullface": "down" },
				"up": { "uv": [ 0, 0, 16, 16 ], "texture": "#inside", "cullface": "north" },
				"north": { "uv": [ 0, 12, 16, 16 ], "texture": "#front", "cullface": "north" },
				"south": { "uv": [ 0, 12, 16, 16 ], "texture": "#particle", "cullface": "south" },
				"west": { "uv": [ 0, 12, 16, 16 ], "texture": "#particle", "cullface": "west" },
				"east": { "uv": [ 0, 12, 16, 16 ], "texture": "#particle", "cullface": "east" }
			}
		},
		{
			"from": [ 0, 4, 0 ],
			"to": [ 5, 7, 4 ],
			"faces": {
				"north": { "uv": [ 11, 9, 16, 12 ], "texture": "#front", "cullface": "north" },
				"west": { "uv": [ 0, 9, 4, 12 ], "texture": "#particle", "cullface": "west" },
				"east": { "uv": [ 6, 0, 9, 4 ], "texture": "#inside", "cullface": "north", "rotation": 90 }
			}
		},
		{
			"from": [ 11, 4, 0 ],
			"to": [ 16, 7, 4 ],
			"faces": {
				"north": { "uv": [ 0, 9, 5, 12 ], "texture": "#front", "cullface": "north" },
				"west": { "uv": [ 6, 0, 9, 4 ], "texture": "#inside", "cullface": "north", "rotation": 270 },
				"east": { "uv": [ 12, 9, 16, 12 ], "texture": "#particle", "cullface": "east" }
			}
		},
		{
			"from": [ 0, 4, 4 ],
			"to": [ 16, 7, 16 ],
			"faces": {
				"north": { "uv": [ 6, 10, 10, 11 ], "texture": "#front" },
				"south": { "uv": [ 0, 9, 16, 12 ], "texture": "#particle", "cullface": "south" },
				"west": { "uv": [ 4, 9, 16, 12 ], "texture": "#particle", "cullface": "west" },
				"east": { "uv": [ 0, 9, 12, 12 ], "texture": "#particle", "cullface": "east" }
			}
		},
		{
			"from": [ 0, 7, 0 ],
			"to": [ 16, 16, 16 ],
			"faces": {
				"down": { "uv": [ 0, 0, 16, 16 ], "texture": "#inside", "cullface": "north", "rotation": 180 },
				"up": { "uv": [ 0, 0, 16, 16 ], "texture": "#top", "cullface": "up" },
				"north": { "uv": [ 0, 0, 16, 9 ], "texture": "#front", "cullface": "north" },
				"south": { "uv": [ 0, 0, 16, 9 ], "texture": "#particle", "cullface": "south" },
				"west": { "uv": [ 0, 0, 16, 9 ], "texture": "#particle", "cullface": "west" },
				"east": { "uv": [ 0, 0, 16, 9 ], "texture": "#particle", "cullface": "east" }
			}
		}
	]
}