{
	"__comment": "Made by Mickey Joe Alpha - https://www.Reddit.com/user/MushirMickeyJoe",
	"textures": {
		"particle": "block/enchanting_table_side",
		"top": "block/enchanting_table_top",
		"bottom": "block/enchanting_table_bottom"
	},
	"elements": [ 	 
		{
			"from": [ 0, 0, 0 ],
			"to": [ 16, 11, 16 ],
			"faces": {
				"down": { "uv": [ 0, 0, 16, 16 ], "texture": "#bottom", "cullface": "down" },
				"up": { "uv": [ 0, 0, 16, 16 ], "texture": "#top" },
				"north": { "uv": [ 0, 5, 16, 16 ], "texture": "#particle", "cullface": "north" },
				"south": { "uv": [ 0, 5, 16, 16 ], "texture": "#particle", "cullface": "south" },
				"west": { "uv": [ 0, 5, 16, 16 ], "texture": "#particle", "cullface": "west" },
				"east": { "uv": [ 0, 5, 16, 16 ], "texture": "#particle", "cullface": "east" }
			}
		},
		{
			"from": [ 0, 11, 0 ],
			"to": [ 4, 12, 4 ],
			"faces": {
				"up": { "uv": [ 0, 0, 4, 4 ], "texture": "#top" },
				"north": { "uv": [ 12, 4, 16, 5 ], "texture": "#particle", "cullface": "north" },
				"south": { "uv": [ 0, 3, 4, 4 ], "texture": "#top" },
				"west": { "uv": [ 0, 4, 4, 5 ], "texture": "#particle", "cullface": "west" },
				"east": { "uv": [ 3, 0, 4, 4 ], "texture": "#top", "rotation": 270 }
			}
		},
		{
			"from": [ 12, 11, 0 ],
			"to": [ 16, 12, 4 ],
			"faces": {
				"up": { "uv": [ 12, 0, 16, 4 ], "texture": "#top" },
				"north": { "uv": [ 0, 4, 4, 5 ], "texture": "#particle", "cullface": "north" },
				"south": { "uv": [ 12, 3, 16, 4 ], "texture": "#top" },
				"west": { "uv": [ 12, 0, 13, 4 ], "texture": "#top", "rotation": 270 },
				"east": { "uv": [ 12, 4, 16, 5 ], "texture": "#particle", "cullface": "east" }
			}
		},
		{
			"from": [ 0, 11, 12 ],
			"to": [ 4, 12, 16 ],
			"faces": {
				"up": { "uv": [ 0, 12, 4, 16 ], "texture": "#top" },
				"north": { "uv": [ 12, 3, 16, 4 ], "texture": "#top" },
				"south": { "uv": [ 0, 4, 4, 5 ], "texture": "#particle", "cullface": "south" },
				"west": { "uv": [ 12, 4, 16, 5 ], "texture": "#particle", "cullface": "west" },
				"east": { "uv": [ 12, 0, 13, 4 ], "texture": "#top", "rotation": 270 }
			}
		},
		{
			"from": [ 12, 11, 12 ],
			"to": [ 16, 12, 16 ],
			"faces": {
				"up": { "uv": [ 12, 12, 16, 16 ], "texture": "#top" },
				"north": { "uv": [ 12, 12, 16, 13 ], "texture": "#top" },
				"south": { "uv": [ 12, 4, 16, 5 ], "texture": "#particle", "cullface": "south" },
				"west": { "uv": [ 12, 12, 13, 16 ], "texture": "#top", "rotation": 270 },
				"east": { "uv": [ 0, 4, 4, 5 ], "texture": "#particle", "cullface": "east" }
			}
		}
	]
}