{
	"__comment": "Made by Mickey Joe Alpha - https://www.Reddit.com/user/MushirMickeyJoe",
	"parent": "block/block",
	"textures": {
		"particle": "block/end_portal_frame_side",
		"bottom": "block/end_stone",
		"top": "block/end_portal_frame_top_north",
		"side": "block/end_portal_frame_side",
		"eye": "block/end_portal_frame_eye"
	},
	"elements": [ 	 
		{
			"from": [ 0, 0, 0 ],
			"to": [ 16, 13, 16 ],
			"faces": {
				"down": { "uv": [ 16, 16, 0, 0 ], "texture": "#bottom", "cullface": "down" },
				"up": { "uv": [ 0, 0, 16, 16 ], "texture": "#top", "rotation": 180 },
				"north": { "uv": [ 0, 3, 16, 16 ], "texture": "#side", "cullface": "north" },
				"south": { "uv": [ 0, 3, 16, 16 ], "texture": "#side", "cullface": "south" },
				"west": { "uv": [ 0, 3, 16, 16 ], "texture": "#side", "cullface": "west" },
				"east": { "uv": [ 0, 3, 16, 16 ], "texture": "#side", "cullface": "east" }
			}
		},
		{
			"from": [ 4, 13, 4.5938 ],
			"to": [ 12, 17, 12.00005 ],
			"rotation": { "origin": [ 4, 13, 12 ], "axis": "x", "angle": -22.5 },
			"faces": {
				"up": { "uv": [ 4, 4, 12, 12 ], "texture": "#eye", "rotation": 180 },
				"north": { "uv": [ 4, 0, 12, 4 ], "texture": "#eye" },
				"south": { "uv": [ 4, 0, 12, 4 ], "texture": "#eye" },
				"west": { "uv": [ 4, 0, 12, 4 ], "texture": "#eye" },
				"east": { "uv": [ 4, 0, 12, 4 ], "texture": "#eye" }
			}
		}
	]
}