{
	"__comment": "Made by Mickey Joe Alpha - https://www.Reddit.com/user/MushirMickeyJoe",
	"parent": "block/block",
	"textures": {
		"particle": "block/end_portal_frame_side",
		"bottom": "block/end_stone",
		"top": "block/end_portal_frame_top_north",
		"side": "block/end_portal_frame_side",
		"eye": "block/end_portal_frame_eye"
	},
	"elements": [ 	 
		{
			"from": [ 0, 0, 0 ],
			"to": [ 16, 13, 4 ],
			"faces": {
				"down": { "uv": [ 16, 4, 0, 0 ], "texture": "#bottom", "cullface": "down" },
				"up": { "uv": [ 16, 16, 0, 12 ], "texture": "#top" },
				"north": { "uv": [ 0, 3, 16, 16 ], "texture": "#side", "cullface": "north" },
				"south": { "uv": [ 16, 12, 0, 13 ], "texture": "#top" },
				"west": { "uv": [ 0, 3, 4, 16 ], "texture": "#side", "cullface": "west" },
				"east": { "uv": [ 12, 3, 16, 16 ], "texture": "#side", "cullface": "east" }
			}
		},
		{
			"from": [ 0, 0, 4 ],
			"to": [ 4, 13, 12 ],
			"faces": {
				"down": { "uv": [ 16, 12, 12, 4 ], "texture": "#bottom", "cullface": "down" },
				"up": { "uv": [ 16, 12, 12, 4 ], "texture": "#top" },
				"west": { "uv": [ 4, 3, 12, 16 ], "texture": "#side", "cullface": "west" },
				"east": { "uv": [ 12, 12, 13, 4 ], "texture": "#top", "rotation": 90 }
			}
		},
		{
			"from": [ 12, 0, 4 ],
			"to": [ 16, 13, 12 ],
			"faces": {
				"down": { "uv": [ 4, 12, 0, 4 ], "texture": "#bottom", "cullface": "down" },
				"up": { "uv": [ 4, 12, 0, 4 ], "texture": "#top" },
				"west": { "uv": [ 3, 12, 4, 4 ], "texture": "#top", "rotation": 270 },
				"east": { "uv": [ 4, 3, 12, 16 ], "texture": "#side", "cullface": "east" }
			}
		},
		{
			"from": [ 0, 0, 12 ],
			"to": [ 16, 13, 16 ],
			"faces": {
				"down": { "uv": [ 16, 16, 0, 12 ], "texture": "#bottom", "cullface": "down" },
				"up": { "uv": [ 0, 0, 16, 4 ], "texture": "#top", "rotation": 180 },
				"north": { "uv": [ 0, 3, 16, 4 ], "texture": "#top" },
				"south": { "uv": [ 0, 3, 16, 16 ], "texture": "#side", "cullface": "south" },
				"west": { "uv": [ 12, 3, 16, 16 ], "texture": "#side", "cullface": "west" },
				"east": { "uv": [ 0, 3, 4, 16 ], "texture": "#side", "cullface": "east" }
			}
		},
		{
			"from": [ 4, 0, 4 ],
			"to": [ 12, 12, 12 ],
			"faces": {
				"down": { "uv": [ 11, 11, 5, 5 ], "texture": "#bottom", "cullface": "down" },
				"up": { "uv": [ 4, 4, 12, 12 ], "texture": "#top", "rotation": 180 }
			}
		}
	]
}