{
	"__comment": "Made by Mickey Joe Alpha - https://www.Reddit.com/user/MushirMickeyJoe",
	"parent": "block/block",
	"textures": {
		"particle": "block/farmland_side",
		"bottom": "block/dirt",
		"top": "block/farmland",
		"front": "block/farmland_front"
	},
	"elements": [ 	 
		{
			"from": [ 0, 0, 0 ],
			"to": [ 16, 15, 16 ],
			"faces": {
				"down": { "uv": [ 0, 0, 16, 16 ], "texture": "#bottom", "cullface": "down" },
				"up": { "uv": [ 0, 0, 16, 16 ], "texture": "#top" },
				"north": { "uv": [ 0, 1, 16, 16 ], "texture": "#front", "cullface": "north" },
				"south": { "uv": [ 0, 1, 16, 16 ], "texture": "#front", "cullface": "south" },
				"west": { "uv": [ 0, 1, 16, 16 ], "texture": "#particle", "cullface": "west" },
				"east": { "uv": [ 0, 1, 16, 16 ], "texture": "#particle", "cullface": "east" }
			}
		}
	]
}