{
	"__comment": "Made by Mickey Joe Alpha - https://www.Reddit.com/user/MushirMickeyJoe",
	"parent": "block/block",
	"textures": {
		"particle": "block/fletching_table_top",
		"top": "block/fletching_table_top_0",
		"front": "block/fletching_table_front",
		"side": "block/fletching_table_side",
		"feathers": "block/fletching_table_top"
	},
	"elements": [ 	 
		{
			"__comment": "Box1",
			"from": [ 0, 0, 0 ],
			"to": [ 16, 16, 16 ],
			"faces": {
				"down": { "uv": [ 0, 16, 16, 0 ], "texture": "#top", "cullface": "down" },
				"up": { "uv": [ 0, 0, 16, 16 ], "texture": "#top", "cullface": "up" },
				"north": { "uv": [ 0, 0, 16, 16 ], "texture": "#front", "cullface": "north" },
				"south": { "uv": [ 0, 0, 16, 16 ], "texture": "#front", "cullface": "south" },
				"west": { "uv": [ 0, 0, 16, 16 ], "texture": "#side", "cullface": "west" },
				"east": { "uv": [ 0, 0, 16, 16 ], "texture": "#side", "cullface": "east" }
			}
		},
		{
			"__comment": "Box2",
			"from": [ 4, 16, 4 ],
			"to": [ 12, 16.875, 11 ],
			"faces": {
				"up": { "uv": [ 4, 4, 12, 11 ], "texture": "#top", "cullface": "up" },
				"north": { "uv": [ 12, 4, 4, 5 ], "texture": "#top", "cullface": "up" },
				"south": { "uv": [ 4, 10, 12, 11 ], "texture": "#top", "cullface": "up" },
				"west": { "uv": [ 4, 4, 5, 11 ], "texture": "#top", "cullface": "up", "rotation": 270 },
				"east": { "uv": [ 11, 11, 12, 4 ], "texture": "#top", "cullface": "up", "rotation": 270 }
			}
		},
		{
			"__comment": "PlaneY3",
			"from": [ 2.625, 16.75, 3 ],
			"to": [ 3.625, 16.751, 12 ],
			"rotation": { "origin": [ 3.625, 16.75, 2 ], "axis": "z", "angle": 22.5 },
			"faces": {
				"down": { "uv": [ 3, 11, 4, 2 ], "texture": "#feathers", "cullface": "up" },
				"up": { "uv": [ 3, 11, 4, 2 ], "texture": "#feathers", "cullface": "up" }
			}
		},
		{
			"__comment": "PlaneY4",
			"from": [ 1.625, 16.75, 4 ],
			"to": [ 2.625, 16.751, 11 ],
			"rotation": { "origin": [ 3.625, 16.75, 2 ], "axis": "z", "angle": 22.5 },
			"faces": {
				"down": { "uv": [ 4, 10, 5, 3 ], "texture": "#feathers", "cullface": "up" },
				"up": { "uv": [ 4, 10, 5, 3 ], "texture": "#feathers", "cullface": "up" }
			}
		},
		{
			"__comment": "PlaneY5",
			"from": [ 3.625, 16.75, 4 ],
			"to": [ 4.625, 16.751, 10 ],
			"rotation": { "origin": [ 3.625, 16.75, 2 ], "axis": "z", "angle": 22.5 },
			"faces": {
				"down": { "uv": [ 2, 10, 3, 4 ], "texture": "#feathers", "cullface": "up" },
				"up": { "uv": [ 2, 10, 3, 4 ], "texture": "#feathers", "cullface": "up" }
			}
		},
		{
			"__comment": "PlaneY6",
			"from": [ 3.625, 16.75, 2 ],
			"to": [ 4.625, 16.751, 3 ],
			"rotation": { "origin": [ 3.625, 16.75, 2 ], "axis": "z", "angle": 22.5 },
			"faces": {
				"down": { "uv": [ 4, 11, 5, 12 ], "texture": "#feathers", "cullface": "up" },
				"up": { "uv": [ 4, 11, 5, 12 ], "texture": "#feathers", "cullface": "up" }
			}
		},
		{
			"__comment": "PlaneY8",
			"from": [ 13, 16.75, 11.375 ],
			"to": [ 14, 16.751, 13.375 ],
			"rotation": { "origin": [ 13, 16.75, 11.375 ], "axis": "x", "angle": 22.5 },
			"faces": {
				"down": { "uv": [ 9, 12, 10, 14 ], "texture": "#feathers", "cullface": "up" },
				"up": { "uv": [ 9, 12, 10, 14 ], "texture": "#feathers", "cullface": "up" }
			}
		},
		{
			"__comment": "PlaneY9",
			"from": [ 12, 16.75, 10.375 ],
			"to": [ 13, 16.751, 12.375 ],
			"rotation": { "origin": [ 13, 16.75, 11.375 ], "axis": "x", "angle": 22.5 },
			"faces": {
				"down": { "uv": [ 10, 11, 11, 13 ], "texture": "#feathers", "cullface": "up" },
				"up": { "uv": [ 10, 11, 11, 13 ], "texture": "#feathers", "cullface": "up" }
			}
		},
		{
			"__comment": "PlaneY10",
			"from": [ 11, 16.75, 9.375 ],
			"to": [ 12, 16.751, 11.375 ],
			"rotation": { "origin": [ 13, 16.75, 11.375 ], "axis": "x", "angle": 22.5 },
			"faces": {
				"down": { "uv": [ 11, 10, 12, 12 ], "texture": "#feathers", "cullface": "up" },
				"up": { "uv": [ 11, 10, 12, 12 ], "texture": "#feathers", "cullface": "up" }
			}
		},
		{
			"__comment": "PlaneY11",
			"from": [ 10, 16.75, 8.375 ],
			"to": [ 11, 16.751, 10.375 ],
			"rotation": { "origin": [ 13, 16.75, 11.375 ], "axis": "x", "angle": 22.5 },
			"faces": {
				"down": { "uv": [ 12, 9, 13, 11 ], "texture": "#feathers", "cullface": "up" },
				"up": { "uv": [ 12, 9, 13, 11 ], "texture": "#feathers", "cullface": "up" }
			}
		},
		{
			"__comment": "PlaneY12",
			"from": [ 9, 16.75, 7.375 ],
			"to": [ 10, 16.751, 9.375 ],
			"rotation": { "origin": [ 13, 16.75, 11.375 ], "axis": "x", "angle": 22.5 },
			"faces": {
				"down": { "uv": [ 13, 8, 14, 10 ], "texture": "#feathers", "cullface": "up" },
				"up": { "uv": [ 13, 8, 14, 10 ], "texture": "#feathers", "cullface": "up" }
			}
		},
		{
			"__comment": "PlaneY13",
			"from": [ 8, 16.75, 7.375 ],
			"to": [ 9, 16.751, 8.375 ],
			"rotation": { "origin": [ 13, 16.75, 11.375 ], "axis": "x", "angle": 22.5 },
			"faces": {
				"down": { "uv": [ 14, 8, 15, 9 ], "texture": "#feathers", "cullface": "up" },
				"up": { "uv": [ 14, 8, 15, 9 ], "texture": "#feathers", "cullface": "up" }
			}
		},
		{
			"__comment": "Box14",
			"from": [ -0.875, 4, 3 ],
			"to": [ 0, 12, 9 ],
			"faces": {
				"down": { "uv": [ 3, 11, 9, 12 ], "texture": "#side", "cullface": "west", "rotation": 270 },
				"up": { "uv": [ 9, 4, 3, 5 ], "texture": "#side", "cullface": "west", "rotation": 270 },
				"north": { "uv": [ 3, 4, 4, 12 ], "texture": "#side", "cullface": "west" },
				"south": { "uv": [ 8, 4, 9, 12 ], "texture": "#side", "cullface": "west" },
				"west": { "uv": [ 3, 4, 9, 12 ], "texture": "#side", "cullface": "west" }
			}
		},
		{
			"__comment": "Box15",
			"from": [ -0.875, 5, 2 ],
			"to": [ 0, 11, 3 ],
			"faces": {
				"down": { "uv": [ 2.5, 10, 3.5, 11 ], "texture": "#side", "cullface": "west" },
				"up": { "uv": [ 2, 5, 3, 6 ], "texture": "#side", "cullface": "west" },
				"north": { "uv": [ 2, 5, 3, 11 ], "texture": "#side", "cullface": "west" },
				"west": { "uv": [ 2, 5, 3, 11 ], "texture": "#side", "cullface": "west" }
			}
		},
		{
			"__comment": "Box16",
			"from": [ -0.875, 5, 9 ],
			"to": [ 0, 11, 10 ],
			"faces": {
				"down": { "uv": [ 9, 10, 10, 11 ], "texture": "#side", "cullface": "west" },
				"up": { "uv": [ 9, 5, 10, 6 ], "texture": "#side", "cullface": "west" },
				"south": { "uv": [ 9, 5, 10, 11 ], "texture": "#side", "cullface": "west" },
				"west": { "uv": [ 9, 5, 10, 11 ], "texture": "#side", "cullface": "west" }
			}
		},
		{
			"__comment": "Box17",
			"from": [ 16, 4, 7 ],
			"to": [ 16.875, 12, 13 ],
			"faces": {
				"down": { "uv": [ 9, 11, 3, 12 ], "texture": "#side", "cullface": "east", "rotation": 270 },
				"up": { "uv": [ 3, 4, 9, 5 ], "texture": "#side", "cullface": "east", "rotation": 270 },
				"north": { "uv": [ 8, 4, 9, 12 ], "texture": "#side", "cullface": "east" },
				"south": { "uv": [ 3, 4, 4, 12 ], "texture": "#side", "cullface": "east" },
				"east": { "uv": [ 3, 4, 9, 12 ], "texture": "#side", "cullface": "east" }
			}
		},
		{
			"__comment": "Box18",
			"from": [ 16, 5, 6 ],
			"to": [ 16.875, 11, 7 ],
			"faces": {
				"down": { "uv": [ 9, 10, 10, 11 ], "texture": "#side", "cullface": "east" },
				"up": { "uv": [ 9, 5, 10, 6 ], "texture": "#side", "cullface": "east" },
				"north": { "uv": [ 9, 5, 10, 11 ], "texture": "#side", "cullface": "east" },
				"east": { "uv": [ 9, 5, 10, 11 ], "texture": "#side", "cullface": "east" }
			}
		},
		{
			"__comment": "Box19",
			"from": [ 16, 5, 13 ],
			"to": [ 16.875, 11, 14 ],
			"faces": {
				"down": { "uv": [ 2, 10, 3, 11 ], "texture": "#side", "cullface": "east" },
				"up": { "uv": [ 2, 5, 3, 6 ], "texture": "#side", "cullface": "east" },
				"south": { "uv": [ 2, 5, 3, 11 ], "texture": "#side", "cullface": "east" },
				"east": { "uv": [ 2, 5, 3, 11 ], "texture": "#side", "cullface": "east" }
			}
		}
	]
}