{
	"__comment": "Made by Mickey Joe Alpha - https://www.Reddit.com/user/MushirMickeyJoe",
	"parent": "block/block",
	"textures": {
		"particle": "block/hopper_outside",
		"top": "block/hopper_top",
		"side": "block/hopper_side",
		"inside": "block/hopper_inside",
		"bottom": "block/hopper_bottom"
	},
	"elements": [ 	 
		{
			"from": [ 0, 10, 0 ],
			"to": [ 16, 11, 16 ],
			"faces": {
				"down": { "uv": [ 0, 0, 16, 16 ], "texture": "#bottom" },
				"up": { "uv": [ 0, 0, 16, 16 ], "texture": "#inside", "cullface": "up" },
				"north": { "uv": [ 0, 5, 16, 6 ], "texture": "#side", "cullface": "north" },
				"south": { "uv": [ 0, 5, 16, 6 ], "texture": "#side", "cullface": "south" },
				"west": { "uv": [ 0, 5, 16, 6 ], "texture": "#side", "cullface": "west" },
				"east": { "uv": [ 0, 5, 16, 6 ], "texture": "#side", "cullface": "east" }
			}
		},
		{
			"from": [ 0, 11, 0 ],
			"to": [ 2, 16, 16 ],
			"faces": {
				"up": { "uv": [ 0, 0, 2, 16 ], "texture": "#top", "cullface": "up" },
				"north": { "uv": [ 14, 0, 16, 5 ], "texture": "#side", "cullface": "north" },
				"south": { "uv": [ 0, 0, 2, 5 ], "texture": "#side", "cullface": "south" },
				"west": { "uv": [ 0, 0, 16, 5 ], "texture": "#side", "cullface": "west" },
				"east": { "uv": [ 0, 0, 16, 5 ], "texture": "#side", "cullface": "up" }
			}
		},
		{
			"from": [ 14, 11, 0 ],
			"to": [ 16, 16, 16 ],
			"faces": {
				"up": { "uv": [ 14, 0, 16, 16 ], "texture": "#top", "cullface": "up" },
				"north": { "uv": [ 0, 0, 2, 5 ], "texture": "#side", "cullface": "north" },
				"south": { "uv": [ 14, 0, 16, 5 ], "texture": "#side", "cullface": "south" },
				"west": { "uv": [ 0, 0, 16, 5 ], "texture": "#side", "cullface": "up" },
				"east": { "uv": [ 0, 0, 16, 5 ], "texture": "#side", "cullface": "east" }
			}
		},
		{
			"from": [ 2, 11, 0 ],
			"to": [ 14, 16, 2 ],
			"faces": {
				"up": { "uv": [ 2, 0, 14, 2 ], "texture": "#top", "cullface": "up" },
				"north": { "uv": [ 2, 0, 14, 5 ], "texture": "#side", "cullface": "north" },
				"south": { "uv": [ 2, 0, 14, 5 ], "texture": "#side", "cullface": "up" }
			}
		},
		{
			"from": [ 2, 11, 14 ],
			"to": [ 14, 16, 16 ],
			"faces": {
				"up": { "uv": [ 2, 14, 14, 16 ], "texture": "#top", "cullface": "up" },
				"north": { "uv": [ 2, 0, 14, 5 ], "texture": "#side", "cullface": "up" },
				"south": { "uv": [ 2, 0, 14, 5 ], "texture": "#side", "cullface": "south" }
			}
		},
		{
			"from": [ 4, 4, 4 ],
			"to": [ 12, 10, 12 ],
			"faces": {
				"down": { "uv": [ 4, 4, 12, 12 ], "texture": "#bottom" },
				"north": { "uv": [ 0, 6, 8, 12 ], "texture": "#side" },
				"south": { "uv": [ 0, 6, 8, 12 ], "texture": "#side" },
				"west": { "uv": [ 0, 6, 8, 12 ], "texture": "#side" },
				"east": { "uv": [ 0, 6, 8, 12 ], "texture": "#side" }
			}
		},
		{
			"from": [ 6, 5, 0 ],
			"to": [ 10, 9, 4 ],
			"faces": {
				"down": { "uv": [ 0, 16, 4, 12 ], "texture": "#side", "cullface": "down", "rotation": 180 },
				"up": { "uv": [ 4, 16, 0, 12 ], "texture": "#side" },
				"north": { "uv": [ 4, 12, 8, 16 ], "texture": "#side", "cullface": "north" },
				"west": { "uv": [ 0, 12, 4, 16 ], "texture": "#side", "rotation": 90 },
				"east": { "uv": [ 0, 12, 4, 16 ], "texture": "#side", "rotation": 270 }
			}
		}
	]
}