{
	"__comment": "Made by Mickey Joe Alpha - https://www.Reddit.com/user/MushirMickeyJoe",
	"textures": {
		"particle": "block/iron_trapdoor",
		"sides": "block/iron_trapdoor_sides"
	},
	"elements": [ 	 
		{
			"from": [ 0, 13, 13 ],
			"to": [ 16, 16, 16 ],
			"faces": {
				"down": { "uv": [ 0, 3, 16, 0 ], "texture": "#particle", "rotation": 180 },
				"up": { "uv": [ 0, 0, 16, 3 ], "texture": "#particle", "cullface": "up", "rotation": 180 },
				"north": { "uv": [ 6, 0, 9, 16 ], "texture": "#particle", "rotation": 270 },
				"south": { "uv": [ 16, 0, 0, 3 ], "texture": "#sides", "cullface": "south" },
				"west": { "uv": [ 0, 9, 3, 6 ], "texture": "#sides", "cullface": "west", "rotation": 180 },
				"east": { "uv": [ 0, 3, 3, 6 ], "texture": "#sides", "cullface": "east" }
			}
		},
		{
			"from": [ 13, 13, 3 ],
			"to": [ 16, 16, 13 ],
			"faces": {
				"down": { "uv": [ 0, 13, 3, 3 ], "texture": "#particle", "rotation": 180 },
				"up": { "uv": [ 0, 3, 3, 13 ], "texture": "#particle", "cullface": "up", "rotation": 180 },
				"west": { "uv": [ 6, 3, 9, 13 ], "texture": "#particle", "rotation": 270 },
				"east": { "uv": [ 3, 3, 13, 6 ], "texture": "#sides", "cullface": "east" }
			}
		},
		{
			"from": [ 0, 13, 3 ],
			"to": [ 3, 16, 13 ],
			"faces": {
				"down": { "uv": [ 13, 13, 16, 3 ], "texture": "#particle", "rotation": 180 },
				"up": { "uv": [ 13, 3, 16, 13 ], "texture": "#particle", "cullface": "up", "rotation": 180 },
				"west": { "uv": [ 3, 9, 13, 6 ], "texture": "#sides", "cullface": "west", "rotation": 180 },
				"east": { "uv": [ 9, 3, 12, 13 ], "texture": "#particle", "rotation": 270 }
			}
		},
		{
			"from": [ 0, 13, 0 ],
			"to": [ 16, 16, 3 ],
			"faces": {
				"down": { "uv": [ 0, 16, 16, 13 ], "texture": "#particle", "rotation": 180 },
				"up": { "uv": [ 0, 13, 16, 16 ], "texture": "#particle", "cullface": "up", "rotation": 180 },
				"north": { "uv": [ 0, 9, 16, 12 ], "texture": "#sides", "cullface": "north" },
				"south": { "uv": [ 9, 0, 12, 16 ], "texture": "#particle", "rotation": 90 },
				"west": { "uv": [ 13, 9, 16, 6 ], "texture": "#sides", "cullface": "west", "rotation": 180 },
				"east": { "uv": [ 13, 3, 16, 6 ], "texture": "#sides", "cullface": "east" }
			}
		},
		{
			"from": [ 5, 14, 3 ],
			"to": [ 6, 15, 13 ],
			"faces": {
				"down": { "uv": [ 3, 3, 4, 13 ], "texture": "#particle" },
				"up": { "uv": [ 3, 3, 4, 13 ], "texture": "#particle", "cullface": "up", "rotation": 180 },
				"west": { "uv": [ 3, 3, 4, 13 ], "texture": "#particle", "rotation": 90 },
				"east": { "uv": [ 3, 3, 4, 13 ], "texture": "#particle", "rotation": 270 }
			}
		},
		{
			"from": [ 10, 14, 3 ],
			"to": [ 11, 15, 13 ],
			"faces": {
				"down": { "uv": [ 3, 3, 4, 13 ], "texture": "#particle" },
				"up": { "uv": [ 3, 3, 4, 13 ], "texture": "#particle", "cullface": "up", "rotation": 180 },
				"west": { "uv": [ 3, 3, 4, 13 ], "texture": "#particle", "rotation": 90 },
				"east": { "uv": [ 3, 3, 4, 13 ], "texture": "#particle", "rotation": 270 }
			}
		},
		{
			"from": [ 3, 14, 5 ],
			"to": [ 13, 15, 6 ],
			"faces": {
				"down": { "uv": [ 4, 3, 5, 13 ], "texture": "#particle", "rotation": 270 },
				"up": { "uv": [ 4, 3, 5, 13 ], "texture": "#particle", "cullface": "up", "rotation": 270 },
				"north": { "uv": [ 4, 3.5, 5, 13.5 ], "texture": "#particle", "rotation": 90 },
				"south": { "uv": [ 4, 3, 5, 13 ], "texture": "#particle", "rotation": 270 }
			}
		},
		{
			"from": [ 3, 14, 10 ],
			"to": [ 13, 15, 11 ],
			"faces": {
				"down": { "uv": [ 5, 3, 6, 13 ], "texture": "#particle", "rotation": 270 },
				"up": { "uv": [ 5, 3, 6, 13 ], "texture": "#particle", "cullface": "up", "rotation": 270 },
				"north": { "uv": [ 5, 3, 6, 13 ], "texture": "#particle", "rotation": 90 },
				"south": { "uv": [ 5, 3, 6, 13 ], "texture": "#particle", "rotation": 270 }
			}
		}
	],
	"display": {
		"thirdperson_righthand": {
			"rotation":  [ 75, 45, 0 ],
			"translation":  [ 0, 2.5, 1.5 ],
			"scale":  [ 0.375, 0.375, 0.375 ]
		},
		"thirdperson_lefthand": {
			"rotation":  [ 75, 45, 0 ],
			"translation":  [ 0, 2.5, 1.5 ],
			"scale":  [ 0.375, 0.375, 0.375 ]
		},
		"firstperson_righthand": {
			"rotation":  [ 0, 45, 0 ],
			"translation":  [ 0, 3, 0 ],
			"scale":  [ 0.4, 0.4, 0.4 ]
		},
		"firstperson_lefthand": {
			"rotation":  [ 0, 45, 0 ],
			"translation":  [ 0, 3, 0 ],
			"scale":  [ 0.4, 0.4, 0.4 ]
		},
		"gui": {
			"rotation":  [ 30, 225, 0 ],
			"translation":  [ 0, 3, 0 ],
			"scale":  [ 0.625, 0.625, 0.625 ]
		},
		"head": {
			"rotation":  [ 90, 180, 0 ]
		},
		"ground": {
			"translation":  [ 0, 3, 0 ],
			"scale":  [ 0.25, 0.25, 0.25 ]
		},
		"fixed": {
			"translation":  [ 0, 3, 0 ],
			"scale":  [ 0.5, 0.5, 0.5 ]
		}
	}
}