{
	"__comment": "Made by Mickey Joe Alpha - https://www.Reddit.com/user/MushirMickeyJoe",
	"textures": {
		"particle": "block/iron_bars",
		"edge": "block/iron_bars"
	},
	"elements": [ 	 
		{
			"__comment": "Element",
			"from": [ 7, 0.001, 7 ],
			"to": [ 9, 0.0635, 9 ],
			"faces": {
				"down": { "uv": [ 8.5, 7, 9, 7.5 ], "texture": "#edge", "cullface": "down" }
			}
		},
		{
			"__comment": "Element",
			"from": [ 7, 15.999, 7 ],
			"to": [ 9, 16.0615, 9 ],
			"faces": {
				"up": { "uv": [ 8.5, 7.5, 9, 8 ], "texture": "#edge", "cullface": "up" }
			}
		}
	]
}