{
	"__comment": "Made by Mickey Joe Alpha - https://www.Reddit.com/user/MushirMickeyJoe",
	"textures": {
		"particle": "block/iron_door_top",
		"sides": "block/iron_door_sides",
		"ends": "block/iron_door_ends"
	},
	"elements": [ 	 
		{
			"from": [ 0, 0, 4 ],
			"to": [ 3, 1, 12 ],
			"faces": {
				"up": { "uv": [ 8, 6, 16, 9 ], "texture": "#ends", "rotation": 90 },
				"west": { "uv": [ 4, 15, 12, 16 ], "texture": "#particle", "cullface": "west" },
				"east": { "uv": [ 12, 15, 4, 16 ], "texture": "#particle" }
			}
		},
		{
			"from": [ 0, 12, 4 ],
			"to": [ 3, 16, 12 ],
			"faces": {
				"down": { "uv": [ 0, 6, 8, 9 ], "texture": "#ends", "rotation": 270 },
				"up": { "uv": [ 4, 0, 12, 3 ], "texture": "#ends", "cullface": "up", "rotation": 90 },
				"north": { "uv": [ 0, 0, 3, 3 ], "texture": "#sides" },
				"south": { "uv": [ 3, 0, 6, 3 ], "texture": "#sides" },
				"west": { "uv": [ 4, 0, 12, 4 ], "texture": "#particle", "cullface": "west" },
				"east": { "uv": [ 12, 0, 4, 4 ], "texture": "#particle" }
			}
		},
		{
			"from": [ 0, 0, 0 ],
			"to": [ 3, 16, 4 ],
			"faces": {
				"up": { "uv": [ 0, 0, 4, 3 ], "texture": "#ends", "cullface": "up", "rotation": 90 },
				"north": { "uv": [ 0, 0, 3, 16 ], "texture": "#sides", "cullface": "north" },
				"south": { "uv": [ 4, 0, 7, 16 ], "texture": "#particle" },
				"west": { "uv": [ 0, 0, 4, 16 ], "texture": "#particle", "cullface": "west" },
				"east": { "uv": [ 4, 0, 0, 16 ], "texture": "#particle" }
			}
		},
		{
			"from": [ 0, 0, 12 ],
			"to": [ 3, 16, 16 ],
			"faces": {
				"up": { "uv": [ 12, 0, 16, 3 ], "texture": "#ends", "cullface": "up", "rotation": 90 },
				"north": { "uv": [ 7, 0, 10, 16 ], "texture": "#particle" },
				"south": { "uv": [ 3, 0, 6, 16 ], "texture": "#sides", "cullface": "south" },
				"west": { "uv": [ 12, 0, 16, 16 ], "texture": "#particle", "cullface": "west" },
				"east": { "uv": [ 16, 0, 12, 16 ], "texture": "#particle" }
			}
		},
		{
			"from": [ 1, 1, 6 ],
			"to": [ 2, 12, 7 ],
			"faces": {
				"north": { "uv": [ 10, 4, 11, 15 ], "texture": "#particle" },
				"south": { "uv": [ 10, 4, 11, 15 ], "texture": "#particle" },
				"west": { "uv": [ 10, 4, 11, 15 ], "texture": "#particle" },
				"east": { "uv": [ 10, 4, 11, 15 ], "texture": "#particle" }
			}
		},
		{
			"from": [ 1, 1, 9 ],
			"to": [ 2, 12, 10 ],
			"faces": {
				"north": { "uv": [ 11, 4, 12, 15 ], "texture": "#particle" },
				"south": { "uv": [ 11, 4, 12, 15 ], "texture": "#particle" },
				"west": { "uv": [ 11, 4, 12, 15 ], "texture": "#particle" },
				"east": { "uv": [ 11, 4, 12, 15 ], "texture": "#particle" }
			}
		}
	]
}