{
	"__comment": "Made by Mickey Joe Alpha - https://www.Reddit.com/user/MushirMickeyJoe",
	"textures": {
		"particle": "block/iron_bars",
		"bars": "block/iron_bars"
	},
	"elements": [ 	 
		{
			"__comment": "Element",
			"from": [ 7, 0, 7 ],
			"to": [ 9, 16, 9 ],
			"faces": {
				"down": { "uv": [ 8.5, 7.5, 9, 8 ], "texture": "#bars", "cullface": "down" },
				"up": { "uv": [ 8.5, 7.5, 9, 8 ], "texture": "#bars", "cullface": "up" },
				"north": { "uv": [ 7, 4, 9, 12 ], "texture": "#bars" },
				"south": { "uv": [ 7, 4, 9, 12 ], "texture": "#bars" },
				"west": { "uv": [ 7, 4, 9, 12 ], "texture": "#bars" },
				"east": { "uv": [ 7, 4, 9, 12 ], "texture": "#bars" }
			}
		}
	]
}