{
	"__comment": "Made by Mickey Joe Alpha - https://www.Reddit.com/user/MushirMickeyJoe",
	"textures": {
		"particle": "block/jungle_door_top",
		"sides": "block/jungle_door_sides",
		"ends": "block/jungle_door_ends"
	},
	"elements": [ 	 
		{
			"from": [ -0.7188, 0, 4 ],
			"to": [ 3.9687, 1, 5 ],
			"faces": {
				"down": { "uv": [ 11, 15, 12, 16 ], "texture": "#particle", "rotation": 90 },
				"north": { "uv": [ 11, 15, 12, 16 ], "texture": "#particle" },
				"south": { "uv": [ 11, 15, 12, 16 ], "texture": "#particle" },
				"west": { "uv": [ 11, 15, 12, 16 ], "texture": "#particle", "cullface": "west" },
				"east": { "uv": [ 11, 15, 12, 16 ], "texture": "#particle" }
			}
		},
		{
			"from": [ -0.9687999, 1, 2 ],
			"to": [ 3.9687, 2, 5 ],
			"faces": {
				"down": { "uv": [ 11, 14, 14, 15 ], "texture": "#particle", "rotation": 90 },
				"up": { "uv": [ 11, 14, 14, 15 ], "texture": "#particle", "rotation": 270 },
				"north": { "uv": [ 13, 14, 14, 15 ], "texture": "#particle" },
				"south": { "uv": [ 11, 14, 12, 15 ], "texture": "#particle" },
				"west": { "uv": [ 14, 14, 11, 15 ], "texture": "#particle", "cullface": "west" },
				"east": { "uv": [ 11, 14, 14, 15 ], "texture": "#particle" }
			}
		},
		{
			"from": [ 0, 0, 6 ],
			"to": [ 3, 4, 10 ],
			"faces": {
				"up": { "uv": [ 0, 6, 4, 9 ], "texture": "#ends", "rotation": 270 },
				"west": { "uv": [ 10, 12, 6, 16 ], "texture": "#particle" },
				"east": { "uv": [ 6, 12, 10, 16 ], "texture": "#particle" }
			}
		},
		{
			"from": [ 0, 0, 10 ],
			"to": [ 3, 6, 16 ],
			"faces": {
				"north": { "uv": [ 12, 0, 15, 6 ], "texture": "#sides" },
				"south": { "uv": [ 0, 10, 3, 16 ], "texture": "#sides", "cullface": "south" },
				"west": { "uv": [ 6, 10, 0, 16 ], "texture": "#particle" },
				"east": { "uv": [ 0, 10, 6, 16 ], "texture": "#particle" }
			}
		},
		{
			"from": [ 0, 0, 0 ],
			"to": [ 3, 6, 6 ],
			"faces": {
				"north": { "uv": [ 3, 10, 6, 16 ], "texture": "#sides", "cullface": "north" },
				"south": { "uv": [ 12, 2, 15, 8 ], "texture": "#sides" },
				"west": { "uv": [ 16, 10, 10, 16 ], "texture": "#particle" },
				"east": { "uv": [ 10, 10, 16, 16 ], "texture": "#particle" }
			}
		},
		{
			"from": [ 0, 6, 0 ],
			"to": [ 3, 8, 16 ],
			"faces": {
				"down": { "uv": [ 16, 12, 0, 15 ], "texture": "#ends", "rotation": 270 },
				"up": { "uv": [ 0, 9, 16, 12 ], "texture": "#ends", "rotation": 270 },
				"north": { "uv": [ 3, 8, 6, 10 ], "texture": "#sides", "cullface": "north" },
				"south": { "uv": [ 0, 8, 3, 10 ], "texture": "#sides", "cullface": "south" },
				"west": { "uv": [ 16, 8, 0, 10 ], "texture": "#particle" },
				"east": { "uv": [ 0, 8, 16, 10 ], "texture": "#particle" }
			}
		},
		{
			"from": [ 1, 8, 9 ],
			"to": [ 2, 13, 10 ],
			"faces": {
				"north": { "uv": [ 6, 3, 7, 8 ], "texture": "#particle" },
				"south": { "uv": [ 6, 3, 7, 8 ], "texture": "#particle" },
				"west": { "uv": [ 6, 3, 7, 8 ], "texture": "#particle" },
				"east": { "uv": [ 6, 3, 7, 8 ], "texture": "#particle" }
			}
		},
		{
			"from": [ 1, 8, 6 ],
			"to": [ 2, 13, 7 ],
			"faces": {
				"north": { "uv": [ 9, 3, 10, 8 ], "texture": "#particle" },
				"south": { "uv": [ 9, 3, 10, 8 ], "texture": "#particle" },
				"west": { "uv": [ 9, 3, 10, 8 ], "texture": "#particle" },
				"east": { "uv": [ 9, 3, 10, 8 ], "texture": "#particle" }
			}
		},
		{
			"from": [ 0, 8, 12 ],
			"to": [ 3, 13, 16 ],
			"faces": {
				"north": { "uv": [ 12, 4, 15, 9 ], "texture": "#sides" },
				"south": { "uv": [ 0, 3, 3, 8 ], "texture": "#sides", "cullface": "south" },
				"west": { "uv": [ 4, 3, 0, 8 ], "texture": "#particle" },
				"east": { "uv": [ 0, 3, 4, 8 ], "texture": "#particle" }
			}
		},
		{
			"from": [ 0, 8, 0 ],
			"to": [ 3, 13, 4 ],
			"faces": {
				"north": { "uv": [ 3, 3, 6, 8 ], "texture": "#sides", "cullface": "north" },
				"south": { "uv": [ 12, 9, 15, 14 ], "texture": "#sides" },
				"west": { "uv": [ 16, 3, 12, 8 ], "texture": "#particle" },
				"east": { "uv": [ 12, 3, 16, 8 ], "texture": "#particle" }
			}
		},
		{
			"from": [ 0, 13, 0 ],
			"to": [ 3, 16, 16 ],
			"faces": {
				"down": { "uv": [ 16, 6, 0, 9 ], "texture": "#ends", "rotation": 270 },
				"up": { "uv": [ 0, 0, 16, 3 ], "texture": "#ends", "cullface": "up", "rotation": 270 },
				"north": { "uv": [ 3, 0, 6, 3 ], "texture": "#sides", "cullface": "north" },
				"south": { "uv": [ 0, 0, 3, 3 ], "texture": "#sides", "cullface": "south" },
				"west": { "uv": [ 16, 0, 0, 3 ], "texture": "#particle" },
				"east": { "uv": [ 0, 0, 16, 3 ], "texture": "#particle" }
			}
		}
	]
}