{
	"__comment": "Made by Mickey Joe Alpha - https://www.Reddit.com/user/MushirMickeyJoe",
	"textures": {
		"particle": "block/ladder",
		"texture": "block/ladder"
	},
	"elements": [ 	 
		{
			"__comment": "Element",
			"from": [ 12, 0, 14 ],
			"to": [ 14, 16, 16 ],
			"faces": {
				"down": { "uv": [ 2, 0, 4, 2 ], "texture": "#texture", "cullface": "down" },
				"up": { "uv": [ 2, 0, 4, 2 ], "texture": "#texture", "cullface": "up" },
				"north": { "uv": [ 2, 0, 4, 16 ], "texture": "#texture" },
				"south": { "uv": [ 12, 0, 14, 16 ], "texture": "#texture", "cullface": "south" },
				"west": { "uv": [ 2, 0, 4, 16 ], "texture": "#texture" },
				"east": { "uv": [ 2, 0, 4, 16 ], "texture": "#texture" }
			}
		},
		{
			"__comment": "Element",
			"from": [ 2, 0, 14 ],
			"to": [ 4, 16, 16 ],
			"faces": {
				"down": { "uv": [ 12, 0, 14, 2 ], "texture": "#texture", "cullface": "down" },
				"up": { "uv": [ 12, 0, 14, 2 ], "texture": "#texture", "cullface": "up" },
				"north": { "uv": [ 12, 0, 14, 16 ], "texture": "#texture" },
				"south": { "uv": [ 2, 0, 4, 16 ], "texture": "#texture", "cullface": "south" },
				"west": { "uv": [ 12, 0, 14, 16 ], "texture": "#texture" },
				"east": { "uv": [ 12, 0, 14, 16 ], "texture": "#texture" }
			}
		},
		{
			"__comment": "Element",
			"from": [ 1, 13, 15 ],
			"to": [ 15, 15, 16 ],
			"faces": {
				"down": { "uv": [ 15, 2, 1, 3 ], "texture": "#texture" },
				"up": { "uv": [ 15, 1, 1, 2 ], "texture": "#texture" },
				"north": { "uv": [ 1, 1, 15, 3 ], "texture": "#texture" },
				"south": { "uv": [ 1, 1, 15, 3 ], "texture": "#texture", "cullface": "south" },
				"west": { "uv": [ 14, 1, 15, 3 ], "texture": "#texture" },
				"east": { "uv": [ 1, 1, 2, 3 ], "texture": "#texture" }
			}
		},
		{
			"__comment": "Element",
			"from": [ 1, 9, 15 ],
			"to": [ 15, 11, 16 ],
			"faces": {
				"down": { "uv": [ 15, 6, 1, 7 ], "texture": "#texture" },
				"up": { "uv": [ 15, 5, 1, 6 ], "texture": "#texture" },
				"north": { "uv": [ 1, 5, 15, 7 ], "texture": "#texture" },
				"south": { "uv": [ 1, 5, 15, 7 ], "texture": "#texture", "cullface": "south" },
				"west": { "uv": [ 14, 5, 15, 7 ], "texture": "#texture" },
				"east": { "uv": [ 1, 5, 2, 7 ], "texture": "#texture" }
			}
		},
		{
			"__comment": "Element",
			"from": [ 1, 5, 15 ],
			"to": [ 15, 7, 16 ],
			"faces": {
				"down": { "uv": [ 15, 10, 1, 11 ], "texture": "#texture" },
				"up": { "uv": [ 15, 9, 1, 10 ], "texture": "#texture" },
				"north": { "uv": [ 1, 9, 15, 11 ], "texture": "#texture" },
				"south": { "uv": [ 1, 9, 15, 11 ], "texture": "#texture", "cullface": "south" },
				"west": { "uv": [ 14, 9, 15, 11 ], "texture": "#texture" },
				"east": { "uv": [ 1, 9, 2, 11 ], "texture": "#texture" }
			}
		},
		{
			"__comment": "Element",
			"from": [ 1, 1, 15 ],
			"to": [ 15, 3, 16 ],
			"faces": {
				"down": { "uv": [ 15, 14, 1, 15 ], "texture": "#texture" },
				"up": { "uv": [ 15, 13, 1, 14 ], "texture": "#texture" },
				"north": { "uv": [ 1, 13, 15, 15 ], "texture": "#texture" },
				"south": { "uv": [ 1, 13, 15, 15 ], "texture": "#texture", "cullface": "south" },
				"west": { "uv": [ 14, 13, 15, 15 ], "texture": "#texture" },
				"east": { "uv": [ 1, 13, 2, 15 ], "texture": "#texture" }
			}
		}
	]
}