{
	"__comment": "Made by Mickey Joe Alpha - https://www.Reddit.com/user/MushirMickeyJoe",
	"parent": "block/block",
	"textures": {
		"particle": "block/oak_fence_gate"
	},
	"elements": [ 	 
		{
			"from": [ 0, 5, 7 ],
			"to": [ 2, 16, 9 ],
			"faces": {
				"down": { "uv": [ 2, 11, 4, 13 ], "texture": "#particle" },
				"up": { "uv": [ 0, 11, 2, 13 ], "texture": "#particle", "rotation": 180 },
				"north": { "uv": [ 6, 0, 8, 11 ], "texture": "#particle" },
				"south": { "uv": [ 2, 0, 4, 11 ], "texture": "#particle" },
				"west": { "uv": [ 0, 0, 2, 11 ], "texture": "#particle", "cullface": "west" },
				"east": { "uv": [ 4, 0, 6, 11 ], "texture": "#particle" }
			}
		},
		{
			"from": [ 14, 5, 7 ],
			"to": [ 16, 16, 9 ],
			"faces": {
				"down": { "uv": [ 2, 11, 4, 13 ], "texture": "#particle" },
				"up": { "uv": [ 0, 11, 2, 13 ], "texture": "#particle", "rotation": 180 },
				"north": { "uv": [ 2, 0, 4, 11 ], "texture": "#particle" },
				"south": { "uv": [ 6, 0, 8, 11 ], "texture": "#particle" },
				"west": { "uv": [ 4, 0, 6, 11 ], "texture": "#particle" },
				"east": { "uv": [ 0, 0, 2, 11 ], "texture": "#particle", "cullface": "east" }
			}
		},
		{
			"from": [ 6, 6, 7 ],
			"to": [ 10, 15, 9 ],
			"faces": {
				"down": { "uv": [ 8, 11, 12, 13 ], "texture": "#particle", "rotation": 180 },
				"up": { "uv": [ 8, 0, 12, 2 ], "texture": "#particle", "rotation": 180 },
				"north": { "uv": [ 8, 2, 12, 11 ], "texture": "#particle" },
				"south": { "uv": [ 8, 2, 12, 11 ], "texture": "#particle" },
				"west": { "uv": [ 12, 2, 10, 11 ], "texture": "#particle" },
				"east": { "uv": [ 10, 2, 8, 11 ], "texture": "#particle" }
			}
		},
		{
			"from": [ 2, 6, 7 ],
			"to": [ 6, 9, 9 ],
			"faces": {
				"down": { "uv": [ 12, 14, 16, 16 ], "texture": "#particle" },
				"up": { "uv": [ 12, 0, 16, 2 ], "texture": "#particle" },
				"north": { "uv": [ 12, 11, 16, 14 ], "texture": "#particle" },
				"south": { "uv": [ 12, 5, 16, 8 ], "texture": "#particle" }
			}
		},
		{
			"from": [ 2, 12, 7 ],
			"to": [ 6, 15, 9 ],
			"faces": {
				"down": { "uv": [ 12, 14, 16, 16 ], "texture": "#particle" },
				"up": { "uv": [ 12, 0, 16, 2 ], "texture": "#particle" },
				"north": { "uv": [ 12, 8, 16, 11 ], "texture": "#particle" },
				"south": { "uv": [ 12, 2, 16, 5 ], "texture": "#particle" }
			}
		},
		{
			"from": [ 10, 6, 7 ],
			"to": [ 14, 9, 9 ],
			"faces": {
				"down": { "uv": [ 12, 14, 16, 16 ], "texture": "#particle", "rotation": 180 },
				"up": { "uv": [ 12, 0, 16, 2 ], "texture": "#particle", "rotation": 180 },
				"north": { "uv": [ 12, 5, 16, 8 ], "texture": "#particle" },
				"south": { "uv": [ 12, 11, 16, 14 ], "texture": "#particle" }
			}
		},
		{
			"from": [ 10, 12, 7 ],
			"to": [ 14, 15, 9 ],
			"faces": {
				"down": { "uv": [ 12, 14, 16, 16 ], "texture": "#particle", "rotation": 180 },
				"up": { "uv": [ 12, 0, 16, 2 ], "texture": "#particle", "rotation": 180 },
				"north": { "uv": [ 12, 2, 16, 5 ], "texture": "#particle" },
				"south": { "uv": [ 12, 8, 16, 11 ], "texture": "#particle" }
			}
		}
	],
	"display": {
		"gui": {
			"rotation":  [ 30, 45, 0 ],
			"translation":  [ 0, -1, 0 ],
			"scale":  [ 0.8, 0.8, 0.8 ]
		},
		"head": {
			"translation":  [ 0, -3, -6 ]
		}
	}
}