{
	"__comment": "Made by Mickey Joe Alpha - https://www.Reddit.com/user/MushirMickeyJoe",
	"textures": {
		"particle": "block/oak_fence"
	},
	"elements": [ 	 
		{
			"from": [ 6, 16, 6 ],
			"to": [ 10, 16.001, 10 ],
			"faces": {
				"up": { "uv": [ 8, 0, 12, 4 ], "texture": "#particle", "cullface": "up", "rotation": 180 }
			}
		},
		{
			"from": [ 6, 0, 6 ],
			"to": [ 10, 0.001, 10 ],
			"faces": {
				"down": { "uv": [ 12, 0, 16, 4 ], "texture": "#particle", "cullface": "down" }
			}
		}
	]
}