{
	"__comment": "Made by Mickey Joe Alpha - https://www.Reddit.com/user/MushirMickeyJoe",
	"textures": {
		"particle": "block/oak_door_bottom",
		"sides": "block/oak_door_sides",
		"ends": "block/oak_door_ends"
	},
	"elements": [ 	 
		{
			"from": [ 0, 0, 0 ],
			"to": [ 3, 16, 16 ],
			"faces": {
				"down": { "uv": [ 0, 3, 16, 6 ], "texture": "#ends", "cullface": "down", "rotation": 90 },
				"north": { "uv": [ 9, 0, 12, 16 ], "texture": "#sides", "cullface": "north" },
				"south": { "uv": [ 6, 0, 9, 16 ], "texture": "#sides", "cullface": "south" },
				"west": { "uv": [ 16, 0, 0, 16 ], "texture": "#particle", "cullface": "west" },
				"east": { "uv": [ 0, 0, 16, 16 ], "texture": "#particle" }
			}
		}
	]
}