{
	"__comment": "Made by Mickey Joe Alpha - https://www.Reddit.com/user/MushirMickeyJoe",
	"textures": {
		"particle": "block/oak_fence"
	},
	"elements": [ 	 
		{
			"from": [ 7, 12, 0 ],
			"to": [ 9, 15, 6 ],
			"faces": {
				"down": { "uv": [ 8, 12, 14, 14 ], "texture": "#particle", "rotation": 270 },
				"up": { "uv": [ 8, 4, 14, 6 ], "texture": "#particle", "rotation": 90 },
				"north": { "uv": [ 5, 1, 7, 4 ], "texture": "#particle", "cullface": "north" },
				"west": { "uv": [ 8, 6, 14, 9 ], "texture": "#particle" },
				"east": { "uv": [ 14, 6, 8, 9 ], "texture": "#particle" }
			}
		},
		{
			"from": [ 7, 6, 0 ],
			"to": [ 9, 9, 6 ],
			"faces": {
				"down": { "uv": [ 8, 12, 14, 14 ], "texture": "#particle", "rotation": 270 },
				"up": { "uv": [ 8, 4, 14, 6 ], "texture": "#particle", "rotation": 90 },
				"north": { "uv": [ 5, 7, 7, 10 ], "texture": "#particle", "cullface": "north" },
				"west": { "uv": [ 8, 9, 14, 12 ], "texture": "#particle" },
				"east": { "uv": [ 14, 9, 8, 12 ], "texture": "#particle" }
			}
		},
		{
			"from": [ 6, 0, 6 ],
			"to": [ 10, 16, 6.001 ],
			"faces": {
				"north": { "uv": [ 4, 0, 8, 16 ], "texture": "#particle" }
			}
		}
	]
}