{
	"__comment": "Made by Mickey Joe Alpha - https://www.Reddit.com/user/MushirMickeyJoe",
	"textures": {
		"particle": "block/oak_trapdoor",
		"front": "block/oak_trapdoor",
		"side": "block/trapdoor_side_0"
	},
	"elements": [ 	 
		{
			"__comment": "Element",
			"from": [ 0, 0, 0 ],
			"to": [ 16, 3, 3 ],
			"faces": {
				"down": { "uv": [ 0, 13, 16, 16 ], "texture": "#front", "cullface": "down" },
				"up": { "uv": [ 16, 16, 0, 13 ], "texture": "#front" },
				"north": { "uv": [ 0, 0, 16, 3 ], "texture": "#side", "cullface": "north" },
				"south": { "uv": [ 0, 3, 16, 6 ], "texture": "#side" },
				"west": { "uv": [ 0, 0, 3, 3 ], "texture": "#side", "cullface": "west" },
				"east": { "uv": [ 13, 0, 16, 3 ], "texture": "#side", "cullface": "east" }
			}
		},
		{
			"__comment": "Element",
			"from": [ 0, 0, 13 ],
			"to": [ 16, 3, 16 ],
			"faces": {
				"down": { "uv": [ 0, 0, 16, 3 ], "texture": "#front", "cullface": "down" },
				"up": { "uv": [ 16, 3, 0, 0 ], "texture": "#front" },
				"north": { "uv": [ 0, 0, 16, 3 ], "texture": "#side" },
				"south": { "uv": [ 0, 0, 16, 3 ], "texture": "#side", "cullface": "south" },
				"west": { "uv": [ 13, 0, 16, 3 ], "texture": "#side", "cullface": "west" },
				"east": { "uv": [ 0, 0, 3, 3 ], "texture": "#side", "cullface": "east" }
			}
		},
		{
			"__comment": "Element",
			"from": [ 0, 0, 3 ],
			"to": [ 3, 3, 13 ],
			"faces": {
				"down": { "uv": [ 0, 3, 3, 13 ], "texture": "#front", "cullface": "down" },
				"up": { "uv": [ 16, 13, 13, 3 ], "texture": "#front" },
				"west": { "uv": [ 3, 0, 13, 3 ], "texture": "#side", "cullface": "west" },
				"east": { "uv": [ 13, 13, 16, 3 ], "texture": "#front", "rotation": 90 }
			}
		},
		{
			"__comment": "Element",
			"from": [ 13, 0, 3 ],
			"to": [ 16, 3, 13 ],
			"faces": {
				"down": { "uv": [ 13, 3, 16, 13 ], "texture": "#front", "cullface": "down" },
				"up": { "uv": [ 3, 13, 0, 3 ], "texture": "#front" },
				"west": { "uv": [ 16, 13, 13, 3 ], "texture": "#front", "rotation": 90 },
				"east": { "uv": [ 3, 0, 13, 3 ], "texture": "#side", "cullface": "east" }
			}
		},
		{
			"__comment": "Element",
			"from": [ 3, 0, 6 ],
			"to": [ 13, 3, 10 ],
			"faces": {
				"down": { "uv": [ 3, 6, 13, 10 ], "texture": "#front", "cullface": "down" },
				"up": { "uv": [ 13, 10, 3, 6 ], "texture": "#front" },
				"north": { "uv": [ 3, 0, 13, 3 ], "texture": "#side" },
				"south": { "uv": [ 3, 3, 13, 6 ], "texture": "#side" }
			}
		},
		{
			"__comment": "Element",
			"from": [ 6, 0, 3 ],
			"to": [ 10, 3, 13 ],
			"faces": {
				"down": { "uv": [ 6, 3, 10, 13 ], "texture": "#front", "cullface": "down" },
				"up": { "uv": [ 10, 13, 6, 3 ], "texture": "#front" },
				"west": { "uv": [ 13, 13, 16, 3 ], "texture": "#front", "rotation": 270 },
				"east": { "uv": [ 13, 13, 16, 3 ], "texture": "#front", "rotation": 90 }
			}
		}
	],
	"display": {
		"thirdperson_righthand": {
			"rotation":  [ 75, 45, 0 ],
			"translation":  [ 0, 2.5, 1.5 ],
			"scale":  [ 0.375, 0.375, 0.375 ]
		},
		"thirdperson_lefthand": {
			"rotation":  [ 75, 45, 0 ],
			"translation":  [ 0, 2.5, 1.5 ],
			"scale":  [ 0.375, 0.375, 0.375 ]
		},
		"firstperson_righthand": {
			"rotation":  [ 0, 45, 0 ],
			"translation":  [ 0, 3, 0 ],
			"scale":  [ 0.4, 0.4, 0.4 ]
		},
		"firstperson_lefthand": {
			"rotation":  [ 0, 45, 0 ],
			"translation":  [ 0, 3, 0 ],
			"scale":  [ 0.4, 0.4, 0.4 ]
		},
		"gui": {
			"rotation":  [ 30, 225, 0 ],
			"translation":  [ 0, 3, 0 ],
			"scale":  [ 0.625, 0.625, 0.625 ]
		},
		"head": {
			"rotation":  [ 90, 180, 0 ]
		},
		"ground": {
			"translation":  [ 0, 3, 0 ],
			"scale":  [ 0.25, 0.25, 0.25 ]
		},
		"fixed": {
			"translation":  [ 0, 3, 0 ],
			"scale":  [ 0.5, 0.5, 0.5 ]
		}
	}
}