{
	"__comment": "Made by Mickey Joe Alpha - https://www.Reddit.com/user/MushirMickeyJoe",
	"textures": {
		"particle": "block/oak_door_top",
		"sides": "block/oak_door_sides",
		"ends": "block/oak_door_ends"
	},
	"elements": [ 	 
		{
			"from": [ 0, 0, 0 ],
			"to": [ 3, 5, 16 ],
			"faces": {
				"up": { "uv": [ 0, 6, 16, 9 ], "texture": "#ends", "rotation": 90 },
				"north": { "uv": [ 0, 11, 3, 16 ], "texture": "#sides", "cullface": "north" },
				"south": { "uv": [ 3, 11, 6, 16 ], "texture": "#sides", "cullface": "south" },
				"west": { "uv": [ 0, 11, 16, 16 ], "texture": "#particle", "cullface": "west" },
				"east": { "uv": [ 16, 11, 0, 16 ], "texture": "#particle" }
			}
		},
		{
			"from": [ 0, 13, 0 ],
			"to": [ 3, 16, 16 ],
			"faces": {
				"down": { "uv": [ 0, 9, 16, 12 ], "texture": "#ends", "rotation": 90 },
				"up": { "uv": [ 0, 0, 16, 3 ], "texture": "#ends", "cullface": "up", "rotation": 90 },
				"north": { "uv": [ 0, 0, 3, 3 ], "texture": "#sides", "cullface": "north" },
				"south": { "uv": [ 3, 0, 6, 3 ], "texture": "#sides", "cullface": "south" },
				"west": { "uv": [ 0, 0, 16, 3 ], "texture": "#particle", "cullface": "west" },
				"east": { "uv": [ 16, 0, 0, 3 ], "texture": "#particle" }
			}
		},
		{
			"from": [ 0, 5, 7 ],
			"to": [ 3, 13, 9 ],
			"faces": {
				"north": { "uv": [ 12, 8, 15, 16 ], "texture": "#sides" },
				"south": { "uv": [ 12, 0, 15, 8 ], "texture": "#sides" },
				"west": { "uv": [ 7, 3, 9, 11 ], "texture": "#particle", "cullface": "west" },
				"east": { "uv": [ 9, 3, 7, 11 ], "texture": "#particle" }
			}
		},
		{
			"from": [ 0, 5, 0 ],
			"to": [ 3, 13, 3 ],
			"faces": {
				"north": { "uv": [ 0, 3, 3, 11 ], "texture": "#sides", "cullface": "north" },
				"south": { "uv": [ 12, 0, 15, 8 ], "texture": "#sides" },
				"west": { "uv": [ 0, 3, 3, 11 ], "texture": "#particle", "cullface": "west" },
				"east": { "uv": [ 3, 3, 0, 11 ], "texture": "#particle" }
			}
		},
		{
			"from": [ 0, 5, 13 ],
			"to": [ 3, 13, 16 ],
			"faces": {
				"north": { "uv": [ 12, 8, 15, 16 ], "texture": "#sides" },
				"south": { "uv": [ 3, 3, 6, 11 ], "texture": "#sides", "cullface": "south" },
				"west": { "uv": [ 13, 3, 16, 11 ], "texture": "#particle", "cullface": "west" },
				"east": { "uv": [ 16, 3, 13, 11 ], "texture": "#particle" }
			}
		},
		{
			"from": [ 0, 8, 3 ],
			"to": [ 3, 10, 13 ],
			"faces": {
				"down": { "uv": [ 3, 9, 13, 12 ], "texture": "#ends", "rotation": 90 },
				"up": { "uv": [ 3, 6, 13, 9 ], "texture": "#ends", "rotation": 90 },
				"west": { "uv": [ 3, 6, 13, 8 ], "texture": "#particle", "cullface": "west" },
				"east": { "uv": [ 13, 6, 3, 8 ], "texture": "#particle" }
			}
		},
		{
			"from": [ -0.9687999, 0, 11 ],
			"to": [ 3.9687, 1, 12 ],
			"faces": {
				"down": { "uv": [ 11, 15, 12, 16 ], "texture": "#particle" },
				"north": { "uv": [ 11, 15, 12, 16 ], "texture": "#particle" },
				"south": { "uv": [ 11, 15, 12, 16 ], "texture": "#particle" },
				"west": { "uv": [ 11, 15, 12, 16 ], "texture": "#particle", "cullface": "west" },
				"east": { "uv": [ 11, 15, 12, 16 ], "texture": "#particle" }
			}
		},
		{
			"from": [ -0.9687999, 1, 11 ],
			"to": [ 3.9687, 2, 14 ],
			"faces": {
				"down": { "uv": [ 11, 14, 14, 15 ], "texture": "#particle", "rotation": 270 },
				"up": { "uv": [ 11, 14, 14, 15 ], "texture": "#particle", "rotation": 90 },
				"north": { "uv": [ 11, 14, 12, 15 ], "texture": "#particle" },
				"south": { "uv": [ 13, 14, 14, 15 ], "texture": "#particle" },
				"west": { "uv": [ 11, 14, 14, 15 ], "texture": "#particle", "cullface": "west" },
				"east": { "uv": [ 11, 14, 14, 15 ], "texture": "#particle", "rotation": 180 }
			}
		}
	]
}