{
	"__comment": "Made by Mickey Joe Alpha - https://www.Reddit.com/user/MushirMickeyJoe",
	"ambientocclusion": false,
	"textures": {
		"particle": "block/flower_pot",
		"dirt": "block/dirt",
		"mushroom": "block/red_mushroom"
	},
	"elements": [ 	 
		{
			"from": [ 7, 4, 7 ],
			"to": [ 9, 8, 9 ],
			"faces": {
				"north": { "uv": [ 6, 7, 8, 11 ], "texture": "#mushroom" },
				"south": { "uv": [ 6, 7, 8, 11 ], "texture": "#mushroom" },
				"west": { "uv": [ 6, 7, 8, 11 ], "texture": "#mushroom" },
				"east": { "uv": [ 6, 7, 8, 11 ], "texture": "#mushroom" }
			}
		},
		{
			"from": [ 5, 8, 5 ],
			"to": [ 11, 12, 11 ],
			"faces": {
				"down": { "uv": [ 6, 0, 12, 6 ], "texture": "#mushroom" },
				"up": { "uv": [ 0, 0, 6, 6 ], "texture": "#mushroom" },
				"north": { "uv": [ 6, 6, 0, 10 ], "texture": "#mushroom" },
				"south": { "uv": [ 0, 6, 6, 10 ], "texture": "#mushroom" },
				"west": { "uv": [ 0, 6, 6, 10 ], "texture": "#mushroom" },
				"east": { "uv": [ 6, 6, 0, 10 ], "texture": "#mushroom" }
			}
		}
	],
	"display": {
		"head": {
			"translation":  [ 0, 14.6, 0 ]
		}
	}
}