{
	"__comment": "Made by Mickey Joe Alpha - https://www.Reddit.com/user/MushirMickeyJoe",
	"ambientocclusion": false,
	"textures": {
		"particle": "block/flower_pot",
		"flowerpot": "block/flower_pot",
		"dirt": "block/dirt",
		"cactus": "block/cactus_misc"
	},
	"elements": [ 	 
		{
			"from": [ 6, 6, 5 ],
			"to": [ 6.001, 16, 11 ],
			"faces": {
				"west": { "uv": [ 0, 6, 6, 16 ], "texture": "#cactus" }
			}
		},
		{
			"from": [ 10, 6, 5 ],
			"to": [ 10.001, 16, 11 ],
			"faces": {
				"east": { "uv": [ 0, 6, 6, 16 ], "texture": "#cactus" }
			}
		},
		{
			"from": [ 6, 16, 6 ],
			"to": [ 10, 16.001, 10 ],
			"faces": {
				"up": { "uv": [ 1, 2, 5, 6 ], "texture": "#cactus" }
			}
		},
		{
			"from": [ 5, 6, 6 ],
			"to": [ 11, 16, 6.001 ],
			"faces": {
				"north": { "uv": [ 0, 6, 6, 16 ], "texture": "#cactus" }
			}
		},
		{
			"from": [ 5, 6, 10 ],
			"to": [ 11, 16, 10.001 ],
			"faces": {
				"south": { "uv": [ 0, 6, 6, 16 ], "texture": "#cactus" }
			}
		},
		{
			"from": [ 6, 0, 6 ],
			"to": [ 10, 0.001, 10 ],
			"faces": {
				"down": { "uv": [ 6, 1, 10, 5 ], "texture": "#flowerpot", "cullface": "down" }
			}
		},
		{
			"from": [ 5, 0, 5 ],
			"to": [ 6, 6, 11 ],
			"faces": {
				"down": { "uv": [ 5, 5, 6, 11 ], "texture": "#flowerpot", "cullface": "down" },
				"up": { "uv": [ 5, 5, 6, 11 ], "texture": "#flowerpot" },
				"north": { "uv": [ 10, 10, 11, 16 ], "texture": "#flowerpot" },
				"south": { "uv": [ 5, 10, 6, 16 ], "texture": "#flowerpot" },
				"west": { "uv": [ 5, 10, 11, 16 ], "texture": "#flowerpot" },
				"east": { "uv": [ 5, 10, 11, 16 ], "texture": "#flowerpot" }
			}
		},
		{
			"from": [ 10, 0, 5 ],
			"to": [ 11, 6, 11 ],
			"faces": {
				"down": { "uv": [ 10, 5, 11, 11 ], "texture": "#flowerpot", "cullface": "down" },
				"up": { "uv": [ 10, 5, 11, 11 ], "texture": "#flowerpot" },
				"north": { "uv": [ 5, 10, 6, 16 ], "texture": "#flowerpot" },
				"south": { "uv": [ 10, 10, 11, 16 ], "texture": "#flowerpot" },
				"west": { "uv": [ 5, 10, 11, 16 ], "texture": "#flowerpot" },
				"east": { "uv": [ 5, 10, 11, 16 ], "texture": "#flowerpot" }
			}
		},
		{
			"from": [ 6, 0, 5 ],
			"to": [ 10, 6, 6 ],
			"faces": {
				"down": { "uv": [ 6, 10, 10, 11 ], "texture": "#flowerpot", "cullface": "down" },
				"up": { "uv": [ 6, 5, 10, 6 ], "texture": "#flowerpot" },
				"north": { "uv": [ 6, 10, 10, 16 ], "texture": "#flowerpot" },
				"south": { "uv": [ 6, 10, 10, 16 ], "texture": "#flowerpot" }
			}
		},
		{
			"from": [ 6, 0, 10 ],
			"to": [ 10, 6, 11 ],
			"faces": {
				"down": { "uv": [ 6, 5, 10, 6 ], "texture": "#flowerpot", "cullface": "down" },
				"up": { "uv": [ 6, 10, 10, 11 ], "texture": "#flowerpot" },
				"north": { "uv": [ 6, 10, 10, 16 ], "texture": "#flowerpot" },
				"south": { "uv": [ 6, 10, 10, 16 ], "texture": "#flowerpot" }
			}
		},
		{
			"from": [ 6, 0, 6 ],
			"to": [ 10, 4, 10 ],
			"faces": {
				"down": { "uv": [ 6, 6, 10, 10 ], "texture": "#flowerpot", "cullface": "down" },
				"up": { "uv": [ 6, 6, 10, 10 ], "texture": "#dirt" }
			}
		}
	]
}