{
	"__comment": "Made by Mickey Joe Alpha - https://www.Reddit.com/user/MushirMickeyJoe",
	"ambientocclusion": false,
	"textures": {
		"particle": "block/empty_particle",
		"rails": "block/track_rails",
		"ties": "block/track_redstone_ties"
	},
	"elements": [ 	 
		{
			"__comment": "Box2",
			"from": [ 1, 0, 1 ],
			"to": [ 15, 1, 3 ],
			"faces": {
				"down": { "uv": [ 0, 10, 14, 8 ], "texture": "#ties", "cullface": "down" },
				"up": { "uv": [ 0, 8, 14, 10 ], "texture": "#ties" },
				"north": { "uv": [ 14, 8, 0, 9 ], "texture": "#ties" },
				"south": { "uv": [ 14, 9, 0, 10 ], "texture": "#ties" },
				"west": { "uv": [ 0, 8, 1, 10 ], "texture": "#ties", "rotation": 270 },
				"east": { "uv": [ 13, 10, 14, 8 ], "texture": "#ties", "rotation": 270 }
			}
		},
		{
			"__comment": "Box3",
			"from": [ 1, 0, 5 ],
			"to": [ 15, 1, 7 ],
			"faces": {
				"down": { "uv": [ 0, 12, 14, 10 ], "texture": "#ties", "cullface": "down" },
				"up": { "uv": [ 0, 10, 14, 12 ], "texture": "#ties" },
				"north": { "uv": [ 14, 10, 0, 11 ], "texture": "#ties" },
				"south": { "uv": [ 0, 11, 14, 12 ], "texture": "#ties" },
				"west": { "uv": [ 0, 10, 1, 12 ], "texture": "#ties", "rotation": 270 },
				"east": { "uv": [ 13, 12, 14, 10 ], "texture": "#ties", "rotation": 270 }
			}
		},
		{
			"__comment": "Box4",
			"from": [ 1, 0, 9 ],
			"to": [ 15, 1, 11 ],
			"faces": {
				"down": { "uv": [ 0, 14, 14, 12 ], "texture": "#ties", "cullface": "down" },
				"up": { "uv": [ 0, 12, 14, 14 ], "texture": "#ties" },
				"north": { "uv": [ 14, 12, 0, 13 ], "texture": "#ties" },
				"south": { "uv": [ 0, 13, 14, 14 ], "texture": "#ties" },
				"west": { "uv": [ 0, 12, 1, 14 ], "texture": "#ties", "rotation": 270 },
				"east": { "uv": [ 13, 14, 14, 12 ], "texture": "#ties", "rotation": 270 }
			}
		},
		{
			"__comment": "Box5",
			"from": [ 1, 0, 13 ],
			"to": [ 15, 1, 15 ],
			"faces": {
				"down": { "uv": [ 0, 16, 14, 14 ], "texture": "#ties", "cullface": "down" },
				"up": { "uv": [ 0, 14, 14, 16 ], "texture": "#ties" },
				"north": { "uv": [ 14, 14, 0, 15 ], "texture": "#ties" },
				"south": { "uv": [ 0, 15, 14, 16 ], "texture": "#ties" },
				"west": { "uv": [ 0, 14, 1, 16 ], "texture": "#ties", "rotation": 270 },
				"east": { "uv": [ 13, 16, 14, 14 ], "texture": "#ties", "rotation": 270 }
			}
		},
		{
			"__comment": "Box6",
			"from": [ 2, 1, 0 ],
			"to": [ 5, 2, 16 ],
			"faces": {
				"down": { "uv": [ 0, 16, 3, 0 ], "texture": "#rails" },
				"up": { "uv": [ 0, 0, 3, 16 ], "texture": "#rails" },
				"north": { "uv": [ 3, 0, 0, 1 ], "texture": "#rails", "cullface": "north" },
				"south": { "uv": [ 0, 15, 3, 16 ], "texture": "#rails", "cullface": "south" },
				"west": { "uv": [ 0, 0, 1, 16 ], "texture": "#rails", "rotation": 270 },
				"east": { "uv": [ 2, 16, 3, 0 ], "texture": "#rails", "rotation": 270 }
			}
		},
		{
			"__comment": "Box7",
			"from": [ 11, 1, 0 ],
			"to": [ 14, 2, 16 ],
			"faces": {
				"down": { "uv": [ 3, 16, 6, 0 ], "texture": "#rails" },
				"up": { "uv": [ 3, 0, 6, 16 ], "texture": "#rails" },
				"north": { "uv": [ 6, 0, 3, 1 ], "texture": "#rails", "cullface": "north" },
				"south": { "uv": [ 3, 15, 6, 16 ], "texture": "#rails", "cullface": "south" },
				"west": { "uv": [ 3, 0, 4, 16 ], "texture": "#rails", "rotation": 270 },
				"east": { "uv": [ 5, 16, 6, 0 ], "texture": "#rails", "rotation": 270 }
			}
		},
		{
			"__comment": "Box7",
			"from": [ 7, 0, 3 ],
			"to": [ 9, 1, 13 ],
			"faces": {
				"down": { "uv": [ 8, 10, 10, 0 ], "texture": "#rails", "cullface": "down" },
				"up": { "uv": [ 8, 0, 10, 10 ], "texture": "#rails" },
				"west": { "uv": [ 8, 0, 9, 10 ], "texture": "#rails", "rotation": 270 },
				"east": { "uv": [ 9, 10, 10, 0 ], "texture": "#rails", "rotation": 270 }
			}
		}
	]
}