{
	"__comment": "Made by Mickey Joe Alpha - https://www.Reddit.com/user/MushirMickeyJoe",
	"ambientocclusion": false,
	"textures": {
		"particle": "block/empty_particle",
		"rails": "block/rail_corner",
		"ties": "block/track_ties"
	},
	"elements": [ 	 
		{
			"__comment": "Box10",
			"from": [ 8.625, 0, 1.0625 ],
			"to": [ 10.625, 1, 15.0625 ],
			"rotation": { "origin": [ 10.625, 0, 1.0625 ], "axis": "y", "angle": 22.5 },
			"faces": {
				"down": { "uv": [ 0, 10, 14, 8 ], "texture": "#ties", "cullface": "down", "rotation": 270 },
				"up": { "uv": [ 0, 8, 14, 10 ], "texture": "#ties", "rotation": 90 },
				"north": { "uv": [ 0, 8, 1, 10 ], "texture": "#ties", "rotation": 270 },
				"south": { "uv": [ 13, 8, 14, 10 ], "texture": "#ties", "rotation": 90 },
				"west": { "uv": [ 0, 9, 14, 10 ], "texture": "#ties" },
				"east": { "uv": [ 14, 8, 0, 9 ], "texture": "#ties" }
			}
		},
		{
			"__comment": "Box10",
			"from": [ 5.4375, 0.0312, 4 ],
			"to": [ 19.4375, 1.0312, 6 ],
			"rotation": { "origin": [ 5.4375, 0.03125, 4 ], "axis": "y", "angle": -45 },
			"faces": {
				"down": { "uv": [ 0, 14, 14, 12 ], "texture": "#ties", "cullface": "down" },
				"up": { "uv": [ 0, 10, 14, 12 ], "texture": "#ties" },
				"north": { "uv": [ 14, 12, 0, 13 ], "texture": "#ties" },
				"south": { "uv": [ 0, 13, 14, 14 ], "texture": "#ties" },
				"west": { "uv": [ 0, 12, 1, 14 ], "texture": "#ties", "rotation": 270 }
			}
		},
		{
			"__comment": "Box10",
			"from": [ 1.8438, 0, 8.781199 ],
			"to": [ 15.8438, 1, 10.7812 ],
			"rotation": { "origin": [ 1.84375, 0, 8.78125 ], "axis": "y", "angle": -22.5 },
			"faces": {
				"down": { "uv": [ 0, 16, 14, 14 ], "texture": "#ties", "cullface": "down" },
				"up": { "uv": [ 0, 14, 14, 16 ], "texture": "#ties" },
				"north": { "uv": [ 14, 14, 0, 15 ], "texture": "#ties" },
				"south": { "uv": [ 0, 15, 14, 16 ], "texture": "#ties" },
				"west": { "uv": [ 0, 14, 1, 16 ], "texture": "#ties", "rotation": 270 },
				"east": { "uv": [ 13, 14, 14, 16 ], "texture": "#ties", "rotation": 90 }
			}
		},
		{
			"__comment": "Box17",
			"from": [ 12, 1, 14 ],
			"to": [ 14, 2, 16 ],
			"faces": {
				"down": { "uv": [ 12, 16, 14, 14 ], "texture": "#rails" },
				"up": { "uv": [ 12, 14, 14, 16 ], "texture": "#rails" },
				"north": { "uv": [ 14, 14, 12, 15 ], "texture": "#rails" },
				"south": { "uv": [ 12, 15, 14, 16 ], "texture": "#rails", "cullface": "south" },
				"west": { "uv": [ 12, 14, 13, 16 ], "texture": "#rails", "rotation": 270 },
				"east": { "uv": [ 13, 16, 14, 14 ], "texture": "#rails", "rotation": 270 }
			}
		},
		{
			"__comment": "Box18",
			"from": [ 14, 1, 12 ],
			"to": [ 16, 2, 14 ],
			"faces": {
				"down": { "uv": [ 14, 2, 16, 4 ], "texture": "#rails" },
				"up": { "uv": [ 14, 12, 16, 14 ], "texture": "#rails" },
				"north": { "uv": [ 16, 12, 14, 13 ], "texture": "#rails" },
				"south": { "uv": [ 14, 13, 16, 14 ], "texture": "#rails" },
				"west": { "uv": [ 14, 12, 15, 14 ], "texture": "#rails", "rotation": 270 },
				"east": { "uv": [ 15, 12, 16, 14 ], "texture": "#rails", "cullface": "east", "rotation": 90 }
			}
		},
		{
			"__comment": "Box19",
			"from": [ 13, 1, 13 ],
			"to": [ 14, 2, 14 ],
			"faces": {
				"up": { "uv": [ 13, 13, 14, 14 ], "texture": "#rails" },
				"north": { "uv": [ 13, 13, 14, 14 ], "texture": "#rails" },
				"west": { "uv": [ 13, 13, 14, 14 ], "texture": "#rails" }
			}
		},
		{
			"__comment": "Box20",
			"from": [ 14, 1, 14 ],
			"to": [ 15, 2, 15 ],
			"faces": {
				"down": { "uv": [ 13, 13, 14, 14 ], "texture": "#rails" },
				"up": { "uv": [ 13, 13, 14, 14 ], "texture": "#rails" },
				"north": { "uv": [ 13, 13, 14, 14 ], "texture": "#rails" },
				"south": { "uv": [ 13, 13, 14, 14 ], "texture": "#rails" },
				"west": { "uv": [ 13, 13, 14, 14 ], "texture": "#rails" },
				"east": { "uv": [ 13, 13, 14, 14 ], "texture": "#rails" }
			}
		},
		{
			"__comment": "Box21",
			"from": [ 12, 1, 2 ],
			"to": [ 16, 2, 4 ],
			"faces": {
				"down": { "uv": [ 12, 4, 16, 2 ], "texture": "#rails" },
				"up": { "uv": [ 12, 2, 16, 4 ], "texture": "#rails" },
				"north": { "uv": [ 16, 2, 12, 3 ], "texture": "#rails" },
				"south": { "uv": [ 12, 3, 16, 4 ], "texture": "#rails" },
				"west": { "uv": [ 12, 2, 13, 4 ], "texture": "#rails", "rotation": 270 },
				"east": { "uv": [ 15, 2, 16, 4 ], "texture": "#rails", "cullface": "east", "rotation": 90 }
			}
		},
		{
			"__comment": "Box22",
			"from": [ 10, 1, 3 ],
			"to": [ 12, 2, 5 ],
			"faces": {
				"down": { "uv": [ 10, 5, 12, 3 ], "texture": "#rails" },
				"up": { "uv": [ 10, 3, 12, 5 ], "texture": "#rails" },
				"north": { "uv": [ 12, 3, 10, 4 ], "texture": "#rails" },
				"south": { "uv": [ 10, 4, 12, 5 ], "texture": "#rails" },
				"west": { "uv": [ 10, 3, 11, 5 ], "texture": "#rails", "rotation": 270 },
				"east": { "uv": [ 11, 3, 12, 5 ], "texture": "#rails", "rotation": 90 }
			}
		},
		{
			"__comment": "Box24",
			"from": [ 2, 1, 12 ],
			"to": [ 4, 2, 16 ],
			"faces": {
				"down": { "uv": [ 2, 16, 4, 12 ], "texture": "#rails" },
				"up": { "uv": [ 2, 12, 4, 16 ], "texture": "#rails" },
				"north": { "uv": [ 4, 12, 2, 13 ], "texture": "#rails" },
				"south": { "uv": [ 2, 15, 4, 16 ], "texture": "#rails", "cullface": "south" },
				"west": { "uv": [ 2, 12, 3, 16 ], "texture": "#rails", "rotation": 270 },
				"east": { "uv": [ 3, 12, 4, 16 ], "texture": "#rails", "rotation": 90 }
			}
		},
		{
			"__comment": "Box25",
			"from": [ 3, 1, 10 ],
			"to": [ 5, 2, 12 ],
			"faces": {
				"down": { "uv": [ 3, 12, 5, 10 ], "texture": "#rails" },
				"up": { "uv": [ 3, 10, 5, 12 ], "texture": "#rails" },
				"north": { "uv": [ 5, 10, 3, 11 ], "texture": "#rails" },
				"south": { "uv": [ 3, 11, 5, 12 ], "texture": "#rails" },
				"west": { "uv": [ 3, 10, 4, 12 ], "texture": "#rails", "rotation": 270 },
				"east": { "uv": [ 4, 10, 5, 12 ], "texture": "#rails", "rotation": 90 }
			}
		},
		{
			"__comment": "Box28",
			"from": [ 4, 1, 8 ],
			"to": [ 6, 2, 10 ],
			"faces": {
				"down": { "uv": [ 4, 8, 6, 10 ], "texture": "#rails" },
				"up": { "uv": [ 4, 8, 6, 10 ], "texture": "#rails" },
				"north": { "uv": [ 6, 8, 4, 9 ], "texture": "#rails" },
				"south": { "uv": [ 4, 9, 6, 10 ], "texture": "#rails" },
				"west": { "uv": [ 4, 8, 5, 10 ], "texture": "#rails", "rotation": 270 },
				"east": { "uv": [ 5, 8, 6, 10 ], "texture": "#rails", "rotation": 270 }
			}
		},
		{
			"__comment": "Box29",
			"from": [ 8, 1, 4 ],
			"to": [ 10, 2, 6 ],
			"faces": {
				"down": { "uv": [ 8, 6, 10, 4 ], "texture": "#rails" },
				"up": { "uv": [ 8, 4, 10, 6 ], "texture": "#rails" },
				"north": { "uv": [ 8, 4, 10, 5 ], "texture": "#rails" },
				"south": { "uv": [ 8, 5, 10, 6 ], "texture": "#rails" },
				"west": { "uv": [ 8, 4, 9, 6 ], "texture": "#rails", "rotation": 270 },
				"east": { "uv": [ 9, 4, 10, 6 ], "texture": "#rails", "rotation": 90 }
			}
		},
		{
			"__comment": "Box30",
			"from": [ 7, 1, 5 ],
			"to": [ 8, 2, 7 ],
			"faces": {
				"down": { "uv": [ 7, 7, 8, 5 ], "texture": "#rails" },
				"up": { "uv": [ 7, 5, 8, 7 ], "texture": "#rails" },
				"north": { "uv": [ 7, 5, 8, 6 ], "texture": "#rails" },
				"south": { "uv": [ 7, 6, 8, 7 ], "texture": "#rails" },
				"west": { "uv": [ 7, 5, 8, 7 ], "texture": "#rails", "rotation": 270 },
				"east": { "uv": [ 7, 5, 8, 7 ], "texture": "#rails", "rotation": 90 }
			}
		},
		{
			"__comment": "Box31",
			"from": [ 6, 1, 6 ],
			"to": [ 7, 2, 7 ],
			"faces": {
				"up": { "uv": [ 6, 6, 7, 7 ], "texture": "#rails" },
				"north": { "uv": [ 6, 6, 7, 7 ], "texture": "#rails" },
				"west": { "uv": [ 6, 6, 7, 7 ], "texture": "#rails" }
			}
		},
		{
			"__comment": "Box32",
			"from": [ 5, 1, 7 ],
			"to": [ 7, 2, 8 ],
			"faces": {
				"down": { "uv": [ 5, 7, 7, 8 ], "texture": "#rails" },
				"up": { "uv": [ 5, 7, 7, 8 ], "texture": "#rails" },
				"north": { "uv": [ 7, 7, 5, 8 ], "texture": "#rails" },
				"south": { "uv": [ 5, 7, 7, 8 ], "texture": "#rails" },
				"west": { "uv": [ 5, 7, 6, 8 ], "texture": "#rails" },
				"east": { "uv": [ 6, 7, 7, 8 ], "texture": "#rails" }
			}
		}
	]
}