{
	"__comment": "Made by Mickey Joe Alpha - https://www.Reddit.com/user/MushirMickeyJoe",
	"ambientocclusion": false,
	"textures": {
		"particle": "block/empty_particle",
		"rails": "block/track_rails",
		"ties": "block/track_ties"
	},
	"elements": [ 	 
		{
			"__comment": "Box9",
			"from": [ 12, 17.3125, -0.6875 ],
			"to": [ 14, 18.28125, 22.375 ],
			"rotation": { "origin": [ 12, 17.3125, -0.6875 ], "axis": "x", "angle": 45 },
			"faces": {
				"down": { "uv": [ 4, 16, 6, 0 ], "texture": "#rails" },
				"up": { "uv": [ 4, 0, 6, 16 ], "texture": "#rails" },
				"north": { "uv": [ 6, 0, 4, 1 ], "texture": "#rails" },
				"south": { "uv": [ 4, 15, 6, 16 ], "texture": "#rails" },
				"west": { "uv": [ 4, 0, 5, 16 ], "texture": "#rails", "rotation": 270 },
				"east": { "uv": [ 5, 0, 6, 16 ], "texture": "#rails", "rotation": 90 }
			}
		},
		{
			"__comment": "Box2",
			"from": [ 1, 12.3438, -1.1563 ],
			"to": [ 15, 13.3438, 0.8437001 ],
			"rotation": { "origin": [ 7, 12.34375, 2.84375 ], "axis": "x", "angle": 45 },
			"faces": {
				"down": { "uv": [ 0, 2, 14, 0 ], "texture": "#ties" },
				"up": { "uv": [ 0, 0, 14, 2 ], "texture": "#ties" },
				"north": { "uv": [ 14, 0, 0, 1 ], "texture": "#ties" },
				"south": { "uv": [ 14, 1, 0, 2 ], "texture": "#ties" },
				"west": { "uv": [ 0, 0, 1, 2 ], "texture": "#ties", "rotation": 270 },
				"east": { "uv": [ 13, 2, 14, 0 ], "texture": "#ties", "rotation": 270 }
			}
		},
		{
			"__comment": "Box3",
			"from": [ 1, 12.3437, 4.3437 ],
			"to": [ 15, 13.3437, 6.3437 ],
			"rotation": { "origin": [ 7, 12.34375, 2.84375 ], "axis": "x", "angle": 45 },
			"faces": {
				"down": { "uv": [ 0, 4, 14, 2 ], "texture": "#ties" },
				"up": { "uv": [ 0, 2, 14, 4 ], "texture": "#ties" },
				"north": { "uv": [ 14, 2, 0, 3 ], "texture": "#ties" },
				"south": { "uv": [ 0, 3, 14, 4 ], "texture": "#ties" },
				"west": { "uv": [ 0, 2, 1, 4 ], "texture": "#ties", "rotation": 270 },
				"east": { "uv": [ 13, 4, 14, 2 ], "texture": "#ties", "rotation": 270 }
			}
		},
		{
			"__comment": "Box4",
			"from": [ 1, 12.3438, 10.3438 ],
			"to": [ 15, 13.3438, 12.3438 ],
			"rotation": { "origin": [ 7, 12.34375, 2.84375 ], "axis": "x", "angle": 45 },
			"faces": {
				"down": { "uv": [ 0, 6, 14, 4 ], "texture": "#ties" },
				"up": { "uv": [ 0, 4, 14, 6 ], "texture": "#ties" },
				"north": { "uv": [ 14, 4, 0, 5 ], "texture": "#ties" },
				"south": { "uv": [ 0, 5, 14, 6 ], "texture": "#ties" },
				"west": { "uv": [ 0, 4, 1, 6 ], "texture": "#ties", "rotation": 270 },
				"east": { "uv": [ 13, 6, 14, 4 ], "texture": "#ties", "rotation": 270 }
			}
		},
		{
			"__comment": "Box5",
			"from": [ 1, 12.3437, 15.8438 ],
			"to": [ 15, 13.3437, 17.8438 ],
			"rotation": { "origin": [ 7, 12.34375, 2.84375 ], "axis": "x", "angle": 45 },
			"faces": {
				"down": { "uv": [ 0, 8, 14, 6 ], "texture": "#ties" },
				"up": { "uv": [ 0, 6, 14, 8 ], "texture": "#ties" },
				"north": { "uv": [ 14, 6, 0, 7 ], "texture": "#ties" },
				"south": { "uv": [ 0, 7, 14, 8 ], "texture": "#ties" },
				"west": { "uv": [ 0, 6, 1, 8 ], "texture": "#ties", "rotation": 270 },
				"east": { "uv": [ 13, 8, 14, 6 ], "texture": "#ties", "rotation": 270 }
			}
		},
		{
			"__comment": "Box9",
			"from": [ 2, 17.3125, -0.6875 ],
			"to": [ 4, 18.28125, 22.375 ],
			"rotation": { "origin": [ 2, 17.3125, -0.6875 ], "axis": "x", "angle": 45 },
			"faces": {
				"down": { "uv": [ 0, 16, 2, 0 ], "texture": "#rails" },
				"up": { "uv": [ 0, 0, 2, 16 ], "texture": "#rails" },
				"north": { "uv": [ 2, 0, 0, 1 ], "texture": "#rails" },
				"south": { "uv": [ 0, 15, 2, 16 ], "texture": "#rails" },
				"west": { "uv": [ 0, 0, 1, 16 ], "texture": "#rails", "rotation": 270 },
				"east": { "uv": [ 1, 0, 2, 16 ], "texture": "#rails", "rotation": 90 }
			}
		}
	]
}