{
	"__comment": "Made by Mickey Joe Alpha - https://www.Reddit.com/user/MushirMickeyJoe",
	"parent": "block/block",
	"textures": {
		"particle": "block/red_mushroom"
	},
	"elements": [ 	 
		{
			"from": [ 7, 0, 7 ],
			"to": [ 9, 4, 9 ],
			"faces": {
				"down": { "uv": [ 8, 6, 10, 8 ], "texture": "#particle", "cullface": "down" },
				"north": { "uv": [ 6, 7, 8, 11 ], "texture": "#particle" },
				"south": { "uv": [ 6, 7, 8, 11 ], "texture": "#particle" },
				"west": { "uv": [ 6, 7, 8, 11 ], "texture": "#particle" },
				"east": { "uv": [ 6, 7, 8, 11 ], "texture": "#particle" }
			}
		},
		{
			"from": [ 5, 4, 5 ],
			"to": [ 11, 8, 11 ],
			"faces": {
				"down": { "uv": [ 6, 0, 12, 6 ], "texture": "#particle" },
				"up": { "uv": [ 0, 0, 6, 6 ], "texture": "#particle" },
				"north": { "uv": [ 6, 6, 0, 10 ], "texture": "#particle" },
				"south": { "uv": [ 0, 6, 6, 10 ], "texture": "#particle" },
				"west": { "uv": [ 0, 6, 6, 10 ], "texture": "#particle" },
				"east": { "uv": [ 6, 6, 0, 10 ], "texture": "#particle" }
			}
		}
	]
}