{
	"__comment": "Made by Mickey Joe Alpha - https://www.Reddit.com/user/MushirMickeyJoe",
	"textures": {
		"particle": "block/sandstone",
		"wall": "block/chiseled_sandstone_end",
		"bottom": "block/sandstone_bottom"
	},
	"elements": [ 	 
		{
			"__comment": "Center post",
			"from": [ 4, 0, 4 ],
			"to": [ 12, 16, 12 ],
			"faces": {
				"down": { "uv": [ 4, 4, 12, 12 ], "texture": "#bottom", "cullface": "down" },
				"up": { "uv": [ 4, 4, 12, 12 ], "texture": "#wall", "cullface": "up" },
				"north": { "uv": [ 4, 0, 12, 16 ], "texture": "#particle" },
				"south": { "uv": [ 4, 0, 12, 16 ], "texture": "#particle" },
				"west": { "uv": [ 4, 0, 12, 16 ], "texture": "#particle" },
				"east": { "uv": [ 4, 0, 12, 16 ], "texture": "#particle" }
			}
		}
	]
}