{
	"__comment": "Made by Mickey Joe Alpha - https://www.Reddit.com/user/MushirMickeyJoe",
	"parent": "block/block",
	"textures": {
		"particle": "block/sea_pickle",
		"all": "block/sea_pickle"
	},
	"elements": [ 	 
		{
			"__comment": "Element",
			"from": [ 6, 0, 6 ],
			"to": [ 10, 6, 10 ],
			"faces": {
				"down": { "uv": [ 8, 1, 12, 5 ], "texture": "#all", "cullface": "down" },
				"up": { "uv": [ 4, 1, 8, 5 ], "texture": "#all" },
				"north": { "uv": [ 4, 5, 8, 11 ], "texture": "#all" },
				"south": { "uv": [ 0, 5, 4, 11 ], "texture": "#all" },
				"west": { "uv": [ 8, 5, 12, 11 ], "texture": "#all" },
				"east": { "uv": [ 12, 5, 16, 11 ], "texture": "#all" }
			}
		},
		{
			"__comment": "Element",
			"from": [ 6, 5, 6 ],
			"to": [ 10, 5.001, 10 ],
			"faces": {
				"up": { "uv": [ 8, 1, 12, 5 ], "texture": "#all" }
			}
		},
		{
			"__comment": "Element",
			"from": [ 7.5, 5.2, 8 ],
			"to": [ 8.5, 8.7, 8.001 ],
			"rotation": { "origin": [ 8, 8, 8 ], "axis": "y", "angle": 45, "rescale": true },
			"shade": false,
			"faces": {
				"north": { "uv": [ 1, 0, 3, 5 ], "texture": "#all" },
				"south": { "uv": [ 13, 0, 15, 5 ], "texture": "#all" }
			}
		},
		{
			"__comment": "Element",
			"from": [ 8, 5.2, 7.5 ],
			"to": [ 8.001, 8.7, 8.5 ],
			"rotation": { "origin": [ 8, 8, 8 ], "axis": "y", "angle": 45, "rescale": true },
			"shade": false,
			"faces": {
				"west": { "uv": [ 1, 0, 3, 5 ], "texture": "#all" },
				"east": { "uv": [ 13, 0, 15, 5 ], "texture": "#all" }
			}
		},
		{
			"__comment": "PlaneX19",
			"from": [ 9, 5, 7 ],
			"to": [ 9.001, 6, 9 ],
			"faces": {
				"west": { "uv": [ 7, 2, 8, 4 ], "texture": "#all", "rotation": 270 }
			}
		},
		{
			"__comment": "PlaneX20",
			"from": [ 7, 5, 7 ],
			"to": [ 7.001, 6, 9 ],
			"faces": {
				"east": { "uv": [ 4, 2, 5, 4 ], "texture": "#all", "rotation": 270 }
			}
		},
		{
			"__comment": "PlaneZ28",
			"from": [ 7, 5, 7 ],
			"to": [ 9, 6, 7.001 ],
			"faces": {
				"south": { "uv": [ 5, 1, 7, 2 ], "texture": "#all" }
			}
		},
		{
			"__comment": "PlaneZ29",
			"from": [ 7, 5, 9 ],
			"to": [ 9, 6, 9.001 ],
			"faces": {
				"north": { "uv": [ 10, 10, 12, 11 ], "texture": "#all" }
			}
		}
	]
}