{
	"__comment": "Made by Mickey Joe Alpha - https://www.Reddit.com/user/MushirMickeyJoe",
	"parent": "block/block",
	"textures": {
		"particle": "block/slime_block",
		"texture": "block/slime_block",
		"face": "block/slime_block_0"
	},
	"elements": [ 	 
		{
			"__comment": "Element",
			"from": [ 3, 3, 3 ],
			"to": [ 13, 13, 13 ],
			"faces": {
				"down": { "uv": [ 0, 0, 10, 10 ], "texture": "#face" },
				"up": { "uv": [ 0, 0, 10, 10 ], "texture": "#face" },
				"north": { "uv": [ 0, 0, 10, 10 ], "texture": "#face" },
				"south": { "uv": [ 0, 0, 10, 10 ], "texture": "#face" },
				"west": { "uv": [ 0, 0, 10, 10 ], "texture": "#face" },
				"east": { "uv": [ 0, 0, 10, 10 ], "texture": "#face" }
			}
		},
		{
			"__comment": "Element",
			"from": [ 0, 0, 0 ],
			"to": [ 16, 16, 16 ],
			"faces": {
				"down": { "uv": [ 0, 0, 16, 16 ], "texture": "#texture", "cullface": "down" },
				"up": { "uv": [ 0, 0, 16, 16 ], "texture": "#texture", "cullface": "up" },
				"north": { "uv": [ 0, 0, 16, 16 ], "texture": "#texture", "cullface": "north" },
				"south": { "uv": [ 0, 0, 16, 16 ], "texture": "#texture", "cullface": "south" },
				"west": { "uv": [ 0, 0, 16, 16 ], "texture": "#texture", "cullface": "west" },
				"east": { "uv": [ 0, 0, 16, 16 ], "texture": "#texture", "cullface": "east" }
			}
		},
		{
			"__comment": "PlaneZ6",
			"from": [ 5, 6, 2.5 ],
			"to": [ 11, 10, 2.501 ],
			"faces": {
				"north": { "uv": [ 0, 10, 6, 14 ], "texture": "#face" },
				"south": { "uv": [ 6, 10, 0, 14 ], "texture": "#face" }
			}
		}
	]
}