{
	"__comment": "Written by Mickey Joe Alpha - https://www.Reddit.com/user/MushirMickeyJoe",
    "variants": {
        "age=0": [
            { "model": "block/beetroots_age_0" },
            { "model": "block/beetroots_age_0", "y": 90 },
            { "model": "block/beetroots_age_0", "y": 180 },
            { "model": "block/beetroots_age_0", "y": 270 }
        ],
        "age=1": [
            { "model": "block/beetroots_age_1" },
            { "model": "block/beetroots_age_1", "y": 90 },
            { "model": "block/beetroots_age_1", "y": 180 },
            { "model": "block/beetroots_age_1", "y": 270 }
        ],
        "age=2": [
            { "model": "block/beetroots_age_2" },
            { "model": "block/beetroots_age_2", "y": 90 },
            { "model": "block/beetroots_age_2", "y": 180 },
            { "model": "block/beetroots_age_2", "y": 270 }
        ],
        "age=3": [
            { "model": "block/beetroots_age_3" },
            { "model": "block/beetroots_age_3", "y": 90 },
            { "model": "block/beetroots_age_3", "y": 180 },
            { "model": "block/beetroots_age_3", "y": 270 }
        ]
    }
}