{
	"__comment": "Written by Mickey Joe Alpha - https://www.Reddit.com/user/MushirMickeyJoe",
    "variants": {
        "": [
            { "model": "block/coarse_dirt" },
            { "model": "block/coarse_dirt", "y": 90 },
			{ "model": "block/coarse_dirt", "y": 180 },
			{ "model": "block/coarse_dirt", "y": 270 },
            { "model": "block/coarse_dirt_0" },
            { "model": "block/coarse_dirt_0", "y": 90 },
            { "model": "block/coarse_dirt_0", "y": 180 },
			{ "model": "block/coarse_dirt_0", "y": 270 }
        ]
    }
}