{
	"__comment": "Written by Mickey Joe Alpha - https://www.Reddit.com/user/MushirMickeyJoe",
    "variants": {
        "": [
            { "model": "block/crimson_fungus_0" },
            { "model": "block/crimson_fungus_0", "y": 90 },
			{ "model": "block/crimson_fungus_0", "y": 180 },
			{ "model": "block/crimson_fungus_0", "y": 270 },
			{ "model": "block/crimson_fungus_1" },
            { "model": "block/crimson_fungus_1", "y": 90 },
            { "model": "block/crimson_fungus_1", "y": 180 },
			{ "model": "block/crimson_fungus_1", "y": 270 },
			{ "model": "block/crimson_fungus_2" },
            { "model": "block/crimson_fungus_2", "y": 90 },
			{ "model": "block/crimson_fungus_2", "y": 180 },
			{ "model": "block/crimson_fungus_2", "y": 270 },
			{ "model": "block/crimson_fungus_3" },
            { "model": "block/crimson_fungus_3", "y": 90 },
			{ "model": "block/crimson_fungus_3", "y": 180 },
			{ "model": "block/crimson_fungus_3", "y": 270 }
        ]
    }
}