{
	"__comment": "Written by Mickey Joe Alpha - https://www.Reddit.com/user/MushirMickeyJoe",
    "multipart": [
		{     "when": { "inverted": "false" },
              "apply": { "model": "block/daylight_detector_top" }
        },
		{     "when": { "inverted": "true" },
              "apply": { "model": "block/daylight_detector_inverted_top" }
        },
		{     "when": { "power": "0" },
              "apply": { "model": "block/daylight_detector_0" }
        },
		{     "when": { "power": "1" },
              "apply": { "model": "block/daylight_detector_2" }
        },
		{     "when": { "power": "2" },
              "apply": { "model": "block/daylight_detector_2" }
        },
		{     "when": { "power": "3" },
              "apply": { "model": "block/daylight_detector_3" }
        },
		{     "when": { "power": "4" },
              "apply": { "model": "block/daylight_detector_4" }
        },
		{     "when": { "power": "5" },
              "apply": { "model": "block/daylight_detector_5" }
        },
		{     "when": { "power": "6" },
              "apply": { "model": "block/daylight_detector_6" }
        },
		{     "when": { "power": "7" },
              "apply": { "model": "block/daylight_detector_7" }
        },
		{     "when": { "power": "8" },
              "apply": { "model": "block/daylight_detector_8" }
        },
		{     "when": { "power": "9" },
              "apply": { "model": "block/daylight_detector_9" }
        },
		{     "when": { "power": "10" },
              "apply": { "model": "block/daylight_detector_10" }
        },
		{     "when": { "power": "11" },
              "apply": { "model": "block/daylight_detector_11" }
        },
		{     "when": { "power": "12" },
              "apply": { "model": "block/daylight_detector_12" }
        },
		{     "when": { "power": "13" },
              "apply": { "model": "block/daylight_detector_13" }
        },
		{     "when": { "power": "14" },
              "apply": { "model": "block/daylight_detector_14" }
        },
		{     "when": { "power": "15" },
              "apply": { "model": "block/daylight_detector_15" }
		}
    ]
}