{
	"__comment": "Written by Mickey Joe Alpha - https://www.Reddit.com/user/MushirMickeyJoe",
    "variants": {
        "facing=down":  { "model": "block/dispenser_vertical_fd" },
        "facing=up":    { "model": "block/dispenser_vertical" },
        "facing=north": { "model": "block/dispenser" },
        "facing=south": { "model": "block/dispenser", "y": 180 },
        "facing=west":  { "model": "block/dispenser", "y": 270 },
        "facing=east":  { "model": "block/dispenser", "y": 90 }
    }
}