{
	"__comment": "Written by Mickey Joe Alpha - https://www.Reddit.com/user/MushirMickeyJoe",
  "variants": {
        "type=bottom": [
            { "model": "minecraft:block/mossy_stone_brick_slab" },
            { "model": "minecraft:block/mossy_stone_brick_slab_0" },
			{ "model": "minecraft:block/mossy_stone_brick_slab_1" }
        ],
        "type=double": [
            { "model": "minecraft:block/mossy_stone_bricks" },
            { "model": "minecraft:block/mossy_stone_bricks_0" },
			{ "model": "minecraft:block/mossy_stone_bricks_1" }
        ],
        "type=top": [
            { "model": "minecraft:block/mossy_stone_brick_slab_top" },
            { "model": "minecraft:block/mossy_stone_brick_slab_top_0" },
			{ "model": "minecraft:block/mossy_stone_brick_slab_top_1" }
        ]
    }
}