{
	"__comment": "Written by Mickey Joe Alpha - https://www.Reddit.com/user/MushirMickeyJoe",
    "multipart": [
        {   "when": { "north": true },
            "apply": { "model": "block/mushroom_stem" }
        },
        {   "when": { "east": true },
            "apply": { "model": "block/mushroom_stem", "y": 90, "uvlock": true }
        },
        {   "when": { "south": true },
            "apply": { "model": "block/mushroom_stem", "y": 180, "uvlock": true }
        },
        {   "when": { "west": true },
            "apply": { "model": "block/mushroom_stem", "y": 270, "uvlock": true }
        },
        {   "when": { "up": true },
            "apply": { "model": "block/mushroom_stem", "x": 270, "uvlock": true }
        },
        {   "when": { "down": true },
            "apply": { "model": "block/mushroom_stem", "x": 90, "uvlock": true }
        },
        {   "when": { "north": false },
            "apply": { "model": "block/mushroom_block_inside" }
        },
        {   "when": { "east": false },
            "apply": { "model": "block/mushroom_block_inside_east" }
        },
        {   "when": { "south": false },
            "apply": { "model": "block/mushroom_block_inside_south" }
        },
        {   "when": { "west": false },
            "apply": { "model": "block/mushroom_block_inside_west" }
        },
        {   "when": { "up": false },
            "apply": { "model": "block/mushroom_block_inside_up" }
        },
        {   "when": { "down": false },
            "apply": { "model": "block/mushroom_block_inside_down" }
        }
    ]
}