{
	"__comment": "Written by Mickey Joe Alpha - https://www.Reddit.com/user/MushirMickeyJoe",
    "multipart": [
        {   "apply": { "model": "block/flower_pot" }
		},
        {   "apply": [
            { "model": "block/potted_red_mushroom_0" },
            { "model": "block/potted_red_mushroom_0", "y": 90 },
			{ "model": "block/potted_red_mushroom_0", "y": 180 },
			{ "model": "block/potted_red_mushroom_0", "y": 270 },
			{ "model": "block/potted_red_mushroom_1" },
            { "model": "block/potted_red_mushroom_1", "y": 90 },
            { "model": "block/potted_red_mushroom_1", "y": 180 },
			{ "model": "block/potted_red_mushroom_1", "y": 270 },
			{ "model": "block/potted_red_mushroom_2" },
            { "model": "block/potted_red_mushroom_2", "y": 90 },
			{ "model": "block/potted_red_mushroom_2", "y": 180 },
			{ "model": "block/potted_red_mushroom_2", "y": 270 }
			]
        }
    ]
}