{
	"__comment": "Written by Mickey Joe Alpha - https://www.Reddit.com/user/MushirMickeyJoe",
  "variants": {
        "type=bottom": [
            { "model": "minecraft:block/stone_slab" },
            { "model": "minecraft:block/stone_slab_0" },
            { "model": "minecraft:block/stone_slab_1" },
            { "model": "minecraft:block/stone_slab_2" }
        ],
        "type=double": [
            { "model": "minecraft:block/stone" },
            { "model": "minecraft:block/stone_0" },
            { "model": "minecraft:block/stone_1" },
            { "model": "minecraft:block/stone_2" }
        ],
        "type=top": [
            { "model": "minecraft:block/stone_slab_top" },
            { "model": "minecraft:block/stone_slab_top_0" },
            { "model": "minecraft:block/stone_slab_top_1" },
            { "model": "minecraft:block/stone_slab_top_2" }
        ]
    }
}