{
  "__comment": "Written by Mickey Joe Alpha - https://www.Reddit.com/user/MushirMickeyJoe",
  "variants": {
    "powered=false": [
            { "model": "block/stone_pressure_plate" },
            { "model": "block/stone_pressure_plate_0" },
            { "model": "block/stone_pressure_plate_1" },
			{ "model": "block/stone_pressure_plate_2" }
        ],
    "powered=true": [
            { "model": "block/stone_pressure_plate_down" },
            { "model": "block/stone_pressure_plate_down_0" },
            { "model": "block/stone_pressure_plate_down_1" },
			{ "model": "block/stone_pressure_plate_down_2" }
        ]
    }
}