{
	"__comment": "Written by Mickey Joe Alpha - https://www.Reddit.com/user/MushirMickeyJoe",
    "variants": {
    "facing=east,half=bottom,shape=inner_left": [
            { "model": "minecraft:block/stone_stairs_inner", "y": 270, "uvlock": true },
            { "model": "minecraft:block/stone_stairs_inner_0", "y": 270, "uvlock": true },
            { "model": "minecraft:block/stone_stairs_inner_1", "y": 270, "uvlock": true },
            { "model": "minecraft:block/stone_stairs_inner_2", "y": 270, "uvlock": true }
        ],
    "facing=east,half=bottom,shape=inner_right": [
            { "model": "minecraft:block/stone_stairs_inner" },
			{ "model": "minecraft:block/stone_stairs_inner_0" },
			{ "model": "minecraft:block/stone_stairs_inner_1" },
			{ "model": "minecraft:block/stone_stairs_inner_2" }
        ],
    "facing=east,half=bottom,shape=outer_left": [
            { "model": "minecraft:block/stone_stairs_outer", "y": 270, "uvlock": true },
            { "model": "minecraft:block/stone_stairs_outer_0", "y": 270, "uvlock": true },
            { "model": "minecraft:block/stone_stairs_outer_1", "y": 270, "uvlock": true },
            { "model": "minecraft:block/stone_stairs_outer_2", "y": 270, "uvlock": true }
        ],
    "facing=east,half=bottom,shape=outer_right": [
            { "model": "minecraft:block/stone_stairs_outer" },
			{ "model": "minecraft:block/stone_stairs_outer_0" },
			{ "model": "minecraft:block/stone_stairs_outer_1" },
			{ "model": "minecraft:block/stone_stairs_outer_2" }
        ],
    "facing=east,half=bottom,shape=straight": [
            { "model": "minecraft:block/stone_stairs" },
			{ "model": "minecraft:block/stone_stairs_0" },
			{ "model": "minecraft:block/stone_stairs_1" },
			{ "model": "minecraft:block/stone_stairs_2" }
        ],
    "facing=east,half=top,shape=inner_left": [
            { "model": "minecraft:block/stone_stairs_inner", "x": 180, "uvlock": true },
			{ "model": "minecraft:block/stone_stairs_inner_0", "x": 180, "uvlock": true },
			{ "model": "minecraft:block/stone_stairs_inner_1", "x": 180, "uvlock": true },
			{ "model": "minecraft:block/stone_stairs_inner_2", "x": 180, "uvlock": true }
        ],
    "facing=east,half=top,shape=inner_right": [
            { "model": "minecraft:block/stone_stairs_inner", "y": 90, "x": 180, "uvlock": true },
			{ "model": "minecraft:block/stone_stairs_inner_0", "y": 90, "x": 180, "uvlock": true },
			{ "model": "minecraft:block/stone_stairs_inner_1", "y": 90, "x": 180, "uvlock": true },
			{ "model": "minecraft:block/stone_stairs_inner_2", "y": 90, "x": 180, "uvlock": true }
        ],
    "facing=east,half=top,shape=outer_left": [
            { "model": "minecraft:block/stone_stairs_outer", "x": 180, "uvlock": true },
			{ "model": "minecraft:block/stone_stairs_outer_0", "x": 180, "uvlock": true },
			{ "model": "minecraft:block/stone_stairs_outer_1", "x": 180, "uvlock": true },
			{ "model": "minecraft:block/stone_stairs_outer_2", "x": 180, "uvlock": true }
        ],
    "facing=east,half=top,shape=outer_right": [
            { "model": "minecraft:block/stone_stairs_outer", "y": 90, "x": 180, "uvlock": true },
            { "model": "minecraft:block/stone_stairs_outer_0", "y": 90, "x": 180, "uvlock": true },
            { "model": "minecraft:block/stone_stairs_outer_1", "y": 90, "x": 180, "uvlock": true },
            { "model": "minecraft:block/stone_stairs_outer_2", "y": 90, "x": 180, "uvlock": true }
        ],
    "facing=east,half=top,shape=straight": [
            { "model": "minecraft:block/stone_stairs", "x": 180, "uvlock": true },
			{ "model": "minecraft:block/stone_stairs_0", "x": 180, "uvlock": true },
			{ "model": "minecraft:block/stone_stairs_1", "x": 180, "uvlock": true },
			{ "model": "minecraft:block/stone_stairs_2", "x": 180, "uvlock": true }
        ],
    "facing=north,half=bottom,shape=inner_left": [
            { "model": "minecraft:block/stone_stairs_inner", "y": 180, "uvlock": true },
			{ "model": "minecraft:block/stone_stairs_inner_0", "y": 180, "uvlock": true },
			{ "model": "minecraft:block/stone_stairs_inner_1", "y": 180, "uvlock": true },
			{ "model": "minecraft:block/stone_stairs_inner_2", "y": 180, "uvlock": true }
        ],
    "facing=north,half=bottom,shape=inner_right": [
            { "model": "minecraft:block/stone_stairs_inner", "y": 270, "uvlock": true },
			{ "model": "minecraft:block/stone_stairs_inner_0", "y": 270, "uvlock": true },
			{ "model": "minecraft:block/stone_stairs_inner_1", "y": 270, "uvlock": true },
			{ "model": "minecraft:block/stone_stairs_inner_2", "y": 270, "uvlock": true }
        ],
    "facing=north,half=bottom,shape=outer_left": [
            { "model": "minecraft:block/stone_stairs_outer", "y": 180, "uvlock": true },
			{ "model": "minecraft:block/stone_stairs_outer_0", "y": 180, "uvlock": true },
			{ "model": "minecraft:block/stone_stairs_outer_1", "y": 180, "uvlock": true },
			{ "model": "minecraft:block/stone_stairs_outer_2", "y": 180, "uvlock": true }
        ],
    "facing=north,half=bottom,shape=outer_right": [
            { "model": "minecraft:block/stone_stairs_outer", "y": 270, "uvlock": true },
			{ "model": "minecraft:block/stone_stairs_outer_0", "y": 270, "uvlock": true },
			{ "model": "minecraft:block/stone_stairs_outer_1", "y": 270, "uvlock": true },
			{ "model": "minecraft:block/stone_stairs_outer_2", "y": 270, "uvlock": true }
        ],
    "facing=north,half=bottom,shape=straight": [
            { "model": "minecraft:block/stone_stairs", "y": 270, "uvlock": true },
			{ "model": "minecraft:block/stone_stairs_0", "y": 270, "uvlock": true },
			{ "model": "minecraft:block/stone_stairs_1", "y": 270, "uvlock": true },
			{ "model": "minecraft:block/stone_stairs_2", "y": 270, "uvlock": true }
        ],
    "facing=north,half=top,shape=inner_left": [
            { "model": "minecraft:block/stone_stairs_inner", "y": 270, "x": 180, "uvlock": true },
			{ "model": "minecraft:block/stone_stairs_inner_0", "y": 270, "x": 180, "uvlock": true },
			{ "model": "minecraft:block/stone_stairs_inner_1", "y": 270, "x": 180, "uvlock": true },
			{ "model": "minecraft:block/stone_stairs_inner_2", "y": 270, "x": 180, "uvlock": true }
        ],
    "facing=north,half=top,shape=inner_right": [
            { "model": "minecraft:block/stone_stairs_inner", "x": 180, "uvlock": true },
			{ "model": "minecraft:block/stone_stairs_inner_0", "x": 180, "uvlock": true },
			{ "model": "minecraft:block/stone_stairs_inner_1", "x": 180, "uvlock": true },
			{ "model": "minecraft:block/stone_stairs_inner_2", "x": 180, "uvlock": true }
        ],
    "facing=north,half=top,shape=outer_left": [
            { "model": "minecraft:block/stone_stairs_outer", "y": 270, "x": 180, "uvlock": true },
			{ "model": "minecraft:block/stone_stairs_outer_0", "y": 270, "x": 180, "uvlock": true },
			{ "model": "minecraft:block/stone_stairs_outer_1", "y": 270, "x": 180, "uvlock": true },
			{ "model": "minecraft:block/stone_stairs_outer_2", "y": 270, "x": 180, "uvlock": true }
        ],
    "facing=north,half=top,shape=outer_right": [
            { "model": "minecraft:block/stone_stairs_outer", "x": 180, "uvlock": true },
			{ "model": "minecraft:block/stone_stairs_outer_0", "x": 180, "uvlock": true },
			{ "model": "minecraft:block/stone_stairs_outer_1", "x": 180, "uvlock": true },
			{ "model": "minecraft:block/stone_stairs_outer_2", "x": 180, "uvlock": true }
        ],
    "facing=north,half=top,shape=straight": [
            { "model": "minecraft:block/stone_stairs", "y": 270, "x": 180, "uvlock": true },
			{ "model": "minecraft:block/stone_stairs_0", "y": 270, "x": 180, "uvlock": true },
			{ "model": "minecraft:block/stone_stairs_1", "y": 270, "x": 180, "uvlock": true },
			{ "model": "minecraft:block/stone_stairs_2", "y": 270, "x": 180, "uvlock": true }
        ],
    "facing=south,half=bottom,shape=inner_left": [
            { "model": "minecraft:block/stone_stairs_inner" },
			{ "model": "minecraft:block/stone_stairs_inner_0" },
			{ "model": "minecraft:block/stone_stairs_inner_1" },
			{ "model": "minecraft:block/stone_stairs_inner_2" }
        ],
    "facing=south,half=bottom,shape=inner_right": [
            { "model": "minecraft:block/stone_stairs_inner", "y": 90, "uvlock": true },
			{ "model": "minecraft:block/stone_stairs_inner_0", "y": 90, "uvlock": true },
			{ "model": "minecraft:block/stone_stairs_inner_1", "y": 90, "uvlock": true },
			{ "model": "minecraft:block/stone_stairs_inner_2", "y": 90, "uvlock": true }
        ],
    "facing=south,half=bottom,shape=outer_left": [
            { "model": "minecraft:block/stone_stairs_outer" },
			{ "model": "minecraft:block/stone_stairs_outer_0" },
			{ "model": "minecraft:block/stone_stairs_outer_1" },
			{ "model": "minecraft:block/stone_stairs_outer_2" }
        ],
    "facing=south,half=bottom,shape=outer_right": [
            { "model": "minecraft:block/stone_stairs_outer", "y": 90, "uvlock": true },
			{ "model": "minecraft:block/stone_stairs_outer_0", "y": 90, "uvlock": true },
			{ "model": "minecraft:block/stone_stairs_outer_1", "y": 90, "uvlock": true },
			{ "model": "minecraft:block/stone_stairs_outer_2", "y": 90, "uvlock": true }
        ],
    "facing=south,half=bottom,shape=straight": [
            { "model": "minecraft:block/stone_stairs", "y": 90, "uvlock": true },
			{ "model": "minecraft:block/stone_stairs_0", "y": 90, "uvlock": true },
			{ "model": "minecraft:block/stone_stairs_1", "y": 90, "uvlock": true },
			{ "model": "minecraft:block/stone_stairs_2", "y": 90, "uvlock": true }
        ],
    "facing=south,half=top,shape=inner_left": [
            { "model": "minecraft:block/stone_stairs_inner" , "y": 90, "x": 180, "uvlock": true },
			{ "model": "minecraft:block/stone_stairs_inner_0" , "y": 90, "x": 180, "uvlock": true },
			{ "model": "minecraft:block/stone_stairs_inner_1" , "y": 90, "x": 180, "uvlock": true },
			{ "model": "minecraft:block/stone_stairs_inner_2" , "y": 90, "x": 180, "uvlock": true }
        ],
    "facing=south,half=top,shape=inner_right": [
            { "model": "minecraft:block/stone_stairs_inner", "y": 180, "x": 180, "uvlock": true },
			{ "model": "minecraft:block/stone_stairs_inner_0", "y": 180, "x": 180, "uvlock": true },
			{ "model": "minecraft:block/stone_stairs_inner_1", "y": 180, "x": 180, "uvlock": true },
			{ "model": "minecraft:block/stone_stairs_inner_2", "y": 180, "x": 180, "uvlock": true }
        ],
    "facing=south,half=top,shape=outer_left": [
            { "model": "minecraft:block/stone_stairs_outer", "y": 90, "x": 180, "uvlock": true },
			{ "model": "minecraft:block/stone_stairs_outer_0", "y": 90, "x": 180, "uvlock": true },
			{ "model": "minecraft:block/stone_stairs_outer_1", "y": 90, "x": 180, "uvlock": true },
			{ "model": "minecraft:block/stone_stairs_outer_2", "y": 90, "x": 180, "uvlock": true }
        ],
    "facing=south,half=top,shape=outer_right": [
            { "model": "minecraft:block/stone_stairs_outer", "y": 180, "x": 180, "uvlock": true },
			{ "model": "minecraft:block/stone_stairs_outer_0", "y": 180, "x": 180, "uvlock": true },
			{ "model": "minecraft:block/stone_stairs_outer_1", "y": 180, "x": 180, "uvlock": true },
			{ "model": "minecraft:block/stone_stairs_outer_2", "y": 180, "x": 180, "uvlock": true }
        ],
    "facing=south,half=top,shape=straight": [
            { "model": "minecraft:block/stone_stairs", "y": 90, "x": 180, "uvlock": true },
			{ "model": "minecraft:block/stone_stairs_0", "y": 90, "x": 180, "uvlock": true },
			{ "model": "minecraft:block/stone_stairs_1", "y": 90, "x": 180, "uvlock": true },
			{ "model": "minecraft:block/stone_stairs_2", "y": 90, "x": 180, "uvlock": true }
        ],
    "facing=west,half=bottom,shape=inner_left": [
            { "model": "minecraft:block/stone_stairs_inner", "y": 90, "uvlock": true },
			{ "model": "minecraft:block/stone_stairs_inner_0", "y": 90, "uvlock": true },
			{ "model": "minecraft:block/stone_stairs_inner_1", "y": 90, "uvlock": true },
			{ "model": "minecraft:block/stone_stairs_inner_2", "y": 90, "uvlock": true }
        ],
    "facing=west,half=bottom,shape=inner_right": [
            { "model": "minecraft:block/stone_stairs_inner", "y": 180, "uvlock": true },
            { "model": "minecraft:block/stone_stairs_inner_0", "y": 180, "uvlock": true },
            { "model": "minecraft:block/stone_stairs_inner_1", "y": 180, "uvlock": true },
            { "model": "minecraft:block/stone_stairs_inner_2", "y": 180, "uvlock": true }
        ],
    "facing=west,half=bottom,shape=outer_left": [
            { "model": "minecraft:block/stone_stairs_outer", "y": 90, "uvlock": true },
            { "model": "minecraft:block/stone_stairs_outer_0", "y": 90, "uvlock": true },
            { "model": "minecraft:block/stone_stairs_outer_1", "y": 90, "uvlock": true },
            { "model": "minecraft:block/stone_stairs_outer_2", "y": 90, "uvlock": true }
        ],
    "facing=west,half=bottom,shape=outer_right": [
            { "model": "minecraft:block/stone_stairs_outer", "y": 180, "uvlock": true },
            { "model": "minecraft:block/stone_stairs_outer_0", "y": 180, "uvlock": true },
            { "model": "minecraft:block/stone_stairs_outer_1", "y": 180, "uvlock": true },
            { "model": "minecraft:block/stone_stairs_outer_2", "y": 180, "uvlock": true }
        ],
    "facing=west,half=bottom,shape=straight": [
            { "model": "minecraft:block/stone_stairs", "y": 180, "uvlock": true },
            { "model": "minecraft:block/stone_stairs_0", "y": 180, "uvlock": true },
            { "model": "minecraft:block/stone_stairs_1", "y": 180, "uvlock": true },
            { "model": "minecraft:block/stone_stairs_2", "y": 180, "uvlock": true }
        ],
    "facing=west,half=top,shape=inner_left": [
            { "model": "minecraft:block/stone_stairs_inner", "y": 180, "x": 180, "uvlock": true },
			{ "model": "minecraft:block/stone_stairs_inner_0", "y": 180, "x": 180, "uvlock": true },
			{ "model": "minecraft:block/stone_stairs_inner_1", "y": 180, "x": 180, "uvlock": true },
			{ "model": "minecraft:block/stone_stairs_inner_2", "y": 180, "x": 180, "uvlock": true }
        ],
    "facing=west,half=top,shape=inner_right": [
            { "model": "minecraft:block/stone_stairs_inner", "y": 270, "x": 180, "uvlock": true },
			{ "model": "minecraft:block/stone_stairs_inner_0", "y": 270, "x": 180, "uvlock": true },
			{ "model": "minecraft:block/stone_stairs_inner_1", "y": 270, "x": 180, "uvlock": true },
			{ "model": "minecraft:block/stone_stairs_inner_2", "y": 270, "x": 180, "uvlock": true }
        ],
    "facing=west,half=top,shape=outer_left": [
            { "model": "minecraft:block/stone_stairs_outer", "y": 180, "x": 180, "uvlock": true },
			{ "model": "minecraft:block/stone_stairs_outer_0", "y": 180, "x": 180, "uvlock": true },
			{ "model": "minecraft:block/stone_stairs_outer_1", "y": 180, "x": 180, "uvlock": true },
			{ "model": "minecraft:block/stone_stairs_outer_2", "y": 180, "x": 180, "uvlock": true }
        ],
    "facing=west,half=top,shape=outer_right": [
            { "model": "minecraft:block/stone_stairs_outer", "y": 270, "x": 180, "uvlock": true },
            { "model": "minecraft:block/stone_stairs_outer_0", "y": 270, "x": 180, "uvlock": true },
            { "model": "minecraft:block/stone_stairs_outer_1", "y": 270, "x": 180, "uvlock": true },
            { "model": "minecraft:block/stone_stairs_outer_2", "y": 270, "x": 180, "uvlock": true }
        ],
    "facing=west,half=top,shape=straight": [
            { "model": "minecraft:block/stone_stairs", "y": 180, "x": 180, "uvlock": true },
			{ "model": "minecraft:block/stone_stairs_0", "y": 180, "x": 180, "uvlock": true },
			{ "model": "minecraft:block/stone_stairs_1", "y": 180, "x": 180, "uvlock": true },
			{ "model": "minecraft:block/stone_stairs_2", "y": 180, "x": 180, "uvlock": true }
        ]
    }
}